Grapheme	IPA	Examples	Languages	Frequence	Codepoints
"""$"	NULL	"noŋet"""	1335	1	U+0022 U+0024
#a-k	NULL	nu-pʷaŋ-na#a-k, ᵐbaŋ-na#a-k	1083, 1139	2	U+0023
$	NULL				
&	ʔ	&e&e-, &e&e-ku	1068, 1027, 1072, 1009, 1169, 1125	6	U+0026
'$	ʔ	da', tina'	77, 475, 484, 459, 39, 397, 798, 1180, 244, 140	50	U+0027 U+0024
'_	ʔ +	biha' bini', dol' rute	475, 213, 521	3	U+0027 U+005f
'_h	ʔ + h	ran' haɔro, si' hapa	116, 521	2	U+0027 U+005f U+0068
'a	ʔ a	pa'atai, eva'auva'auva	465, 77, 239, 396, 58, 397, 38, 52, 213, 116, 459, 346, 210, 39, 374, 258, 182, 475, 89, 118, 264, 164	100	U+0027 U+0061
'a$	ʔ a	i'a, tu'a	1636, 213, 116, 38, 397, 465, 89, 396, 52, 264, 239, 346, 210, 484, 1626, 258, 247, 475, 238, 659, 561	91	U+0027 U+0061 U+0024
'a|	ʔ a +	ma'a|buɣ	484	1	U+0027 U+0061 U+007c
'b	ˀb	manu bul'buna	91	1	U+0027 U+0062
'bw	ʔ + bʷ	bwʌḍɛ'bwʌḍɛ	669	1	U+0027 U+0062 U+0077
'd	ˀd	go'doū, hulunɛ 'dʌmdʌm'wʌnɛ	669, 64	3	U+0027 U+0064
'e	ˀe	ma'et, 'akatū'era'era	475, 465, 210, 397, 396, 206, 213, 58, 239, 38, 459, 264, 77, 1636, 484, 258, 659, 74, 561, 52, 116	46	U+0027 U+0065
'e$	ˀe	ta'e, va'e	38, 213, 264, 58, 89, 210, 1636, 1626, 239, 475, 258, 459, 465, 118, 116, 576, 397, 238, 396, 659, 206, 52, 858	52	U+0027 U+0065 U+0024
'e'e	ʔ e ʔ e	epo 'e'ele	89	1	U+0027 U+0065 U+0027 U+0065
'e'e$	ʔ e ʔ e	b'e'e	798	1	U+0027 U+0065 U+0027 U+0065 U+0024
'f	ˀf	a'fại, fu'fu'u	116	3	U+0027 U+0066
'g	ˀg	lu'guna, go'go	669, 89, 91	4	U+0027 U+0067
'h	ˀh	wʌ'hiyʌnɛ, hɛ'hɛnɛ	669, 116	5	U+0027 U+0068
'i	ʔ i	di'it, ti'iti'i	475, 213, 239, 1626, 465, 89, 397, 459, 227, 210, 52, 77, 58, 1636, 669, 38, 659, 118, 116	54	U+0027 U+0069
'i$	ʔ i	ta'i, ku'i	1636, 52, 213, 1626, 89, 239, 264, 58, 38, 118, 475, 576, 238, 116, 164, 465, 659	62	U+0027 U+0069 U+0024
'i'i	ʔ i ʔ i	'a'i'ina	89	1	U+0027 U+0069 U+0027 U+0069
'k	ˀk	sia ka'kaina, suwa'kalaŋ	91, 39	5	U+0027 U+006b
'l	ˀl	ki'lama, si'lʌmɛ	91, 669	8	U+0027 U+006c
'm	ˀm	hʌ'pwʌyo'mʌn, pa'mau	91, 669, 131, 397	11	U+0027 U+006d
'mw	ˀmw	di'mwɛnɛ, da'mwanɛ	669	2	U+0027 U+006d U+0077
'n	ˀn	pakalu'n mu	131	1	U+0027 U+006e
'o	ʔ o	fo'ou, do'ofi	52, 213, 89, 1636, 164, 38, 397, 475, 396, 210, 264, 58, 576, 238, 258, 659, 206, 118, 116	45	U+0027 U+006f
'o$	ʔ o	mama'o, no'o	1636, 52, 239, 38, 116, 258, 213, 210, 206, 264, 58, 1626, 475, 542, 798, 89, 659	51	U+0027 U+006f U+0024
'o'o	ʔ o ʔ o	s'o'ote	798	1	U+0027 U+006f U+0027 U+006f
'p	ˀp	ho'o'pa'a, o'pana	91, 52	4	U+0027 U+0070
'pw	ˀpʷ	hʌ'pwʌyo'mʌn	669	1	U+0027 U+0070 U+0077
'r	ˀr	ngofuru e'rua, taḇa ke'rana	91, 242	5	U+0027 U+0072
's	ˀs	a's', ṱɔ'sʌhɛ	669, 91, 39	6	U+0027 U+0073
't	ˀt	ma'tau, pa'toto	91, 669	13	U+0027 U+0074
'u	ʔ u	poo'uli, n'uw	77, 1636, 213, 397, 659, 58, 210, 52, 258, 239, 206, 576, 116, 38, 396, 382	43	U+0027 U+0075
'u$	ʔ u	tu'u, ta'u	396, 38, 264, 239, 258, 1636, 206, 116, 213, 238, 659, 210, 58, 1626, 89, 52, 118, 242, 397, 243, 91, 128	96	U+0027 U+0075 U+0024
'w	ˀw	hulunɛ 'dʌmdʌm'wʌnɛ, hɛ'wʌsi	669	3	U+0027 U+0077
'y	'y/ˀj	pi'ya.u, hi'yʌdɛ	669	6	U+0027 U+0079
m'á	mˀ á/a	m'áu, m'áta	346	7	U+0027 U+00e1
'ä	ʔ ä/æ	lū'äpe	116	1	U+0027 U+00e4
m'æ$	mˀ æ	m'æ	346	1	U+0027 U+00e6 U+0024
'è	ʔ è/e	a'èo	38	1	U+0027 U+00e8
b'é	bˀ é/e	b'énæ	346	1	U+0027 U+00e9
'ā$	ʔ ā/a	fa'a'ā	1636	1	U+0027 U+0101 U+0024
'ē$	ʔ ē/e	hō'ē, fa'ē	1636, 659	2	U+0027 U+0113 U+0024
'ī$	ʔ ī/i	'ā'ī, 'a'ī	1636, 52, 1626	3	U+0027 U+012b U+0024
'ŋ	ˀŋ	lo'ŋana, ŋi'ŋinɛ	669, 475, 91	4	U+0027 U+014b
'ō	ʔ ō/o	tā'ō'oto	1636	1	U+0027 U+014d
'ū$	ʔ ū/u	mā'ū	58	1	U+0027 U+016b U+0024
'ū'ū$	ʔ ū/u ʔ ū/u	mā'ū'ū	58, 1626	2	U+0027 U+016b U+0027 U+016b U+0024
'ǥ	'ǥ/ˀg	ba'ǥora, ma'ǥalo	91	2	U+0027 U+01e5
'ɛ	ʔ ɛ	tɩnɩ'ɛnɛ, i'tiɛhi'ɛnɛ	669	3	U+0027 U+025b
'ɸ	ˀɸ	i'ɸʌɩdɩ	669	1	U+0027 U+0278
'ḇ	'b̠/ˀb	kaḇo'ḇoŋa, ka'ḇau	91	4	U+0027 U+1e07
'ṱ	'ṱ/ˀt	bʌ'ṱɩnɩ	669	1	U+0027 U+1e71
'ạ	ʔ ạ/a	jav'ạki, al'ạki	116	3	U+0027 U+1ea1
*	NULL	te*biŋam	1083	1	U+002a
*$	NULL	botoboto-i vorovoro-i*	1431	1	U+002a U+0024
**$	NULL	mapemape-na**	1431	1	U+002a U+002a U+0024
+	NULL	Vb1 + wɔy	376	1	U+002b
+$	+	lʊlʊ +	376	1	U+002b U+0024
-	+	wati-na, vaka-mate-a	11, 4, 10, 7	100	U+002d
.		....gig, hala na ...	669, 1394, 1340, 1334, 1336, 404, 159, 178, 102, 1000, 79, 641, 1238, 68, 1495, 132, 155, 1333, 375	63	U+002e
0	NULL	iŋ0a	238	1	U+0030
1	NULL	Vb1 + wɔy	376	1	U+0031
1$	NULL	-nin1	1330	1	U+0031 U+0024
2$	NULL	le iu2, we2	355, 353	2	U+0032 U+0024
3	NULL	ijii 3AUG, ijiile 3U-AUG	501	2	U+0033
3$	NULL	purɛnĵeŋe3	518	1	U+0033 U+0024
=	+	ma=ni	87	1	U+003d
?	ʔ	tupolɔ?tapɒ, ni?e	1347, 390, 402, 584, 502	8	U+003f
?t	ˀt
?$	ʔ	su?, yau?	1353, 1431, 404, 858, 659, 382	6	U+003f U+0024
??	??/ə	p??leu	390	1	U+003f U+003f
???$	NULL	lom?lom???	390	1	U+003f U+003f U+003f U+0024
@	ə	beimara@neyaɣa@bogapu, kamowa@beinbeina@bubuna	1432, 1459, 1441, 1431, 1436, 1428, 1427, 1435, 1429, 1439, 1454, 1458	30	U+0040
@$	ə	kaɣu@, oveka@	1458, 1439, 1461, 1432, 1425, 1436, 1426, 1424	13	U+0040 U+0024
@s	ə s	vio-@sia, dari@sesera	1431	2	U+0040 U+0073
@w	ə w	giuri@wosin, wae@wage	1431, 1441	2	U+0040 U+0077
I	ɪ	gane-k iIr, hun gIi	1387, 1334, 1378	4	U+0049
Iː	ɪː	bIːn, alIːn	1386, 1389	5	U+0049 U+02d0
Iː$	ɪː	jIː	1386	1	U+0049 U+02d0 U+0024
Iːh$	ɪː	mIːh	1386	1	U+0049 U+02d0 U+0068 U+0024
L	ʟ	ni-seLuk, seLuk	212	2	U+004c
L$	ʟ	mit de L	1180	1	U+004c U+0024
kW	kʷ	kWaʔia, gWauru	532, 549	2	U+0057
Y	Y/j	-fɪnaYe, na-iYɛ	1247	2	U+0059
^	NULL				
^&	ʔ	&e&e-, &e&e-ku	1068, 1009, 1027, 1125	4	U+005e U+0026
^'A	ʔ a	'A fe?	659	1	U+005e U+0027 U+0041
^'a	ʔ a	'au, 'ai	239, 1636, 213, 58, 89, 1626, 116, 52, 91, 475, 659, 118, 38, 396, 210, 39, 238, 259	97	U+005e U+0027 U+0061
^'a$	ʔ a	'a	1626, 239	2	U+005e U+0027 U+0061 U+0024
^'a'a	ʔ a ʔ a	'a'ano, 'a'an	58, 484, 659	3	U+005e U+0027 U+0061 U+0027 U+0061
^'a'a$	ʔ a ʔ a	'a'a	89, 239	2	U+005e U+0027 U+0061 U+0027 U+0061 U+0024
^'b	ˀb	'balia, 'beta	91	3	U+005e U+0027 U+0062
^'e	ʔ e	'ea, 'ele	116, 239, 38, 52, 238, 58, 39, 1636, 213, 206, 118, 1626, 89, 659	42	U+005e U+0027 U+0065
^'e$	ʔ e	'e	116, 1636	3	U+005e U+0027 U+0065 U+0024
^'e'e	ʔ e ʔ e	'e'ele	89	1	U+005e U+0027 U+0065 U+0027 U+0065
^'g	ˀg	'gina, 'gaḇu	91	4	U+005e U+0027 U+0067
^'h	ˀh	'hot	1393	1	U+005e U+0027 U+0068
^'i	ʔ i	'itu, 'ike	52, 1636, 1626, 118, 38, 91, 116, 58, 39, 213, 239, 89, 659, 475, 238	45	U+005e U+0027 U+0069
^'i'i	ʔ i ʔ i	'i'ini, 'i'ifo	116, 89	2	U+005e U+0027 U+0069 U+0027 U+0069
^'k	ˀk	'kaena, 'kani	91	14	U+005e U+0027 U+006b
^'l	ˀl	'lele, 'lolo	91	9	U+005e U+0027 U+006c
^'m	ˀm	'malili, 'mæna	91	9	U+005e U+0027 U+006d
^'n	ˀn	'napeŋana, 'natale	91	2	U+005e U+0027 U+006e
^'o	ʔ o	'oe, 'ohu	38, 52, 1636, 238, 475, 239, 58, 206, 39, 396, 118, 91, 1626, 213, 210	54	U+005e U+0027 U+006f
^'o$	ʔ o	'o	258	1	U+005e U+0027 U+006f U+0024
^'o'o	ʔ o ʔ o	'o'oro, 'o'oti	38, 116	2	U+005e U+0027 U+006f U+0027 U+006f
^'o'o$	ʔ o ʔ o	'o'o	89	1	U+005e U+0027 U+006f U+0027 U+006f U+0024
^'p	ˀp	'pitu, 'popomuǥe	91	6	U+005e U+0027 U+0070
^'r	ˀr	'riǥo, 'ripi	91	3	U+005e U+0027 U+0072
^'s	ˀs	'sume, 'sai|a	91	12	U+005e U+0027 U+0073
^'t	ˀt	'tɛnte, 'tun|e	91	8	U+005e U+0027 U+0074
^'u	ʔ u	'ua, 'ulu	210, 206, 58, 238, 258, 38, 52, 1626, 1636, 239, 89, 264, 659, 91, 213, 396, 475, 116	69	U+005e U+0027 U+0075
^'u$	ʔ u	'u	89, 210	2	U+005e U+0027 U+0075 U+0024
^'u'u	ʔ u ʔ u	'u'ure	239	1	U+005e U+0027 U+0075 U+0027 U+0075
^'ä	ʔ ä/æ	'äe	116	1	U+005e U+0027 U+00e4
^'ā	ʔ ā/a	'āpī, 'ā'ano	1636, 52	10	U+005e U+0027 U+0101
^'ā$	ʔ ā/a	'ā	116, 52	3	U+005e U+0027 U+0101 U+0024
^'āh	ʔ ā/a h	'āhani	1636	1	U+005e U+0027 U+0101 U+0068
^'ē	ʔ ē/e	'ē'ī	1626	1	U+005e U+0027 U+0113
^'ēh	ʔ ē/e h	'ēheu	52	1	U+005e U+0027 U+0113 U+0068
^'ī	ʔ ī/i	'īlio	52	1	U+005e U+0027 U+012b
^'ī$	ʔ ī/i	'ī	1636	1	U+005e U+0027 U+012b U+0024
^'ŋ	ˀŋ	'ŋai|lu, 'ŋa|lo	91	3	U+005e U+0027 U+014b
^'ō	ʔ ō/o	'ōpū, 'ōfa'i	1636, 52, 58, 1626	8	U+005e U+0027 U+014d
^'ū	ʔ ū/u	'ūrī, 'ū hapa	1636, 116	2	U+005e U+0027 U+016b
^'ạ	ʔ ạ/a	'ạmisa, 'ạfi	116	3	U+005e U+0027 U+1ea1
^0	NULL	0mial	1244	1	U+005e U+0030
^1$		1	1350	1	U+005e U+0031 U+0024
^3	NULL	3eɣ	1334	1	U+005e U+0033
^:r	r	-:re	347	1	U+005e U+003a U+0072
^:r$	r	-:r	349	1	U+005e U+003a U+0072 U+0024
^=	NULL	=ke, =ti	509, 508, 1364	3	U+005e U+003d
^?	NULL	? bo tindom, ? nagunava	397, 584, 402	3	U+005e U+003f
^I	ɪ	I˥ja˥, Ima	1479, 396, 26	3	U+005e U+0049
^L	ʟ	Lavo	512	1	U+005e U+004c
^N	ɴ	Nene, Nima teula ano sesem	231, 512	2	U+005e U+004e
^P	p	Pūtāi‘u, Pakuivi	1626	2	U+005e U+0050
^R	ʀ	Ruguwei, Rilen	1383, 1386	4	U+005e U+0052
^T	T/t	Tðɪðai, Tako	1412, 512	2	U+005e U+0054
^Tð	Tð/tθ
^W	w	Were	512	1	U+005e U+0057
^a	a	am, au	24, 25, 26, 10, 7, 23, 19, 21, 11	100	U+005e U+0061
^a$	a	a, a-	242, 156, 229, 259, 244, 64, 210, 247, 1491, 346, 1485, 207, 217, 1436, 19, 103, 142, 37, 23, 510, 238, 1056, 258, 1435, 155, 74, 206, 1342, 798, 392, 213, 123, 52, 1441, 106, 94, 402, 264, 58, 474, 7, 1346, 400, 388, 165	90	U+005e U+0061 U+0024
^a:	aː	a:sa, a:l	131, 923	4	U+005e U+0061 U+003a
^aa	aː	aan, aahea	223, 228, 349, 1212, 264, 245, 338, 456, 162, 128, 149, 217, 576, 1355, 85, 38, 242, 108, 387, 229, 235, 238, 258, 753, 155, 243, 64, 97, 76, 210, 1083, 58, 1346, 1454, 471	55	U+005e U+0061 U+0061
^aa$	aː	aa	229, 206, 243, 245, 753, 375, 258, 244, 253, 155, 210	11	U+005e U+0061 U+0061 U+0024
^a|	a +	a|lo, a|jam|a	108, 97, 149, 72, 207, 7, 222	19	U+005e U+0061 U+007c
^aʰp	a ʰp	aʰp	1506	1	U+005e U+0061 U+02b0
^aˀ	a ʔ	aˀara	1108	1	U+005e U+0061 U+02c0
^aː	aː	aːte-n, aːn	1383, 1384	3	U+005e U+0061 U+02d0
^a͡u	au	a͡ul	1285	1	U+005e U+0061 U+0361 U+0075
^aᵏpʷ	a kpʷ	aᵏpʷit, aᵏpʷe	1065, 1019	2	U+005e U+0061 U+1d4f
^aᵐb	a ⁿb	aᵐbi, aᵐbutei etnaŋ	353, 357, 355, 1251, 1083, 352, 1128, 1056, 1042, 356, 1048, 1246, 1068, 1117, 1031, 1100, 1398, 1172, 1254, 1151, 1244, 1484, 1011	47	U+005e U+0061 U+1d50
^aᵐ̈b	a ⁿb	aᵐ̈ba-	1068	1	U+005e U+0061 U+1d50 U+0308
^aᵑk	a ⁿk	aᵑkeaᵑke-, -aᵑk	1117, 1031, 1392, 1251, 357, 1254, 352, 353	8	U+005e U+0061 U+1d51
^aⁿd	a ⁿd	aⁿdʳua, aⁿdʳaⁿdʳ	1101, 1056, 1084, 1042, 1151, 1316, 1288, 1100, 1254, 1244, 1128, 1251, 1068, 1293, 1404, 1398, 1006, 1238, 355, 356, 1011	43	U+005e U+0061 U+207f
^b	b	bas, bo	10, 4, 7, 11, 19, 21	100	U+005e U+0062
^b$	b	b	206	1	U+005e U+0062 U+0024
^bb	bː	bbulen, bbarum	456, 347, 1180, 366	13	U+005e U+0062 U+0062
^bs	b s	bsiêl, bsiêv	644, 645	2	U+005e U+0062 U+0073
^bw	bʷ	bwa-, bwau-na	643, 113, 644, 159, 516, 219, 346, 76, 561, 641, 584, 645, 367, 94, 212, 484, 456, 146, 471, 338, 23, 460, 93, 567, 344, 511, 501	100	U+005e U+0062 U+0077
^b|	b +	b|r̃oŋón	67	1	U+005e U+0062 U+007c
^bʷ	bʷ	bʷa, bʷúlú-wa-	338, 344, 146, 23, 19, 57, 72, 1042	30	U+005e U+0062 U+02b7
^bʷbʷ	bʷː	bʷbʷej	344	1	U+005e U+0062 U+02b7 U+0062 U+02b7
^b̃	b̃/b	b̃ua, b̃ul	69	3	U+005e U+0062 U+0303
^bⁿr	b ⁿr	bⁿruwi-m	1378	1	U+005e U+0062 U+207f
^c	c	cah, cine-n	73, 69, 71, 76, 72, 11, 57, 19, 87, 10, 49, 46	100	U+005e U+0063
^cc	cː	ccówo, cca	336	4	U+005e U+0063 U+0063
^ch	cʰ	chai, chu	349, 368, 1203, 1180, 995, 77, 384, 1480, 542, 87	85	U+005e U+0063 U+0068
^chch	cːʰ	chchaa-, chcha	347, 349, 343	11	U+005e U+0063 U+0068 U+0063 U+0068
^d	d	dara, du	11, 7, 26, 4, 23, 19, 21, 10, 37, 24	100	U+005e U+0064
^dd	dː	ddew, ddek	344, 1180, 337, 366	10	U+005e U+0064 U+0064
^dw	dʷ	dwehinje djap	1377	1	U+005e U+0064 U+0077
^d|	d +	d|uk	132	1	U+005e U+0064 U+007c
^dʒ	dʒ	dʒim, dʒiŋai	23	4	U+005e U+0064 U+0292
^dʳ	dʳ	dʳete-k, dʳeleŋa-k	1100, 1019, 1134	10	U+005e U+0064 U+02b3
^d̃	d̃	d̃ãd̃a-n, d̃osu	69, 72, 71	11	U+005e U+0064 U+0303
^e	e	eno, eŋ	65, 72, 11, 24, 67, 46, 26, 69, 40, 68, 71, 57, 39, 54, 37, 66, 49, 30, 25, 58, 7	100	U+005e U+0065
^e$	e	e, e-	65, 120, 11, 103, 398, 359, 1364, 647, 1188, 1485, 179, 456, 1501, 239, 1356, 1492, 142, 287, 995, 23, 231, 475, 510, 1434, 1500, 460, 589, 74, 171, 390, 540, 644, 646, 349, 457, 1511, 73, 135, 228, 156, 501, 145, 1439, 264, 1244, 7, 355, 342, 563, 1394, 471, 165, 1335, 1484	67	U+005e U+0065 U+0024
^e:	eː	e:n	923	1	U+005e U+0065 U+003a
^ee	eː	een, eel	349, 338, 223, 651, 501, 264, 343, 393	13	U+005e U+0065 U+0065
^ee$	eː	ee, ee-	501, 120, 798, 1000, 1503, 1480, 643	7	U+005e U+0065 U+0065 U+0024
^e-een	e ʔ eː	e-een	97	1	U+005e U+0065 U+0065 U+0065
^e|	e +	e|toma|n, e|jojor	222, 97, 135, 149, 99, 126, 71	42	U+005e U+0065 U+007c
^eː	eː	eːřu	1382	1	U+005e U+0065 U+02d0
^eᵐb	e ⁿb	eᵐbieve, eᵐba	355, 356, 357	3	U+005e U+0065 U+1d50
^eᵑk	e ⁿk	eᵑko	1027	1	U+005e U+0065 U+1d51
^eⁿd	e ⁿd	eⁿdiaŋ, eⁿdʳi	1027, 1084, 357, 1229	5	U+005e U+0065 U+207f
^f	f	funí, fiani	21, 7, 65, 49, 46, 40, 38, 10, 30, 19, 57	100	U+005e U+0066
^f$	f	f	244, 242, 243	4	U+005e U+0066 U+0024
^ff	fː	ffót, ffé	338, 349, 347, 343, 1364, 366, 336, 244	25	U+005e U+0066 U+0066
^fh	fʰ	fha	76	1	U+005e U+0066 U+0068
^fs	f s	fsoui, fsi	1088, 1151, 10	4	U+005e U+0066 U+0073
^fw	fʷ	-fwer, fwayafwaya	1026, 1131, 1436, 477, 1435, 65, 1438, 76, 165	15	U+005e U+0066 U+0077
^fʷ	fʷ	fʷiɣai, fʷɛnɛ-n	1247, 1246, 1288, 1251, 1513, 1421, 476	11	U+005e U+0066 U+02b7
^fⁿ	fⁿ	fⁿdʳiɛⁿdʳ	1151	1	U+005e U+0066 U+207f
^g	g	gata, gari	25, 37, 10, 26, 21, 4, 7, 11, 19, 23	100	U+005e U+0067
^g$	g	g	1503	1	U+005e U+0067 U+0024
^gh	gʰ	ghutsu, gham	338, 4, 367, 858, 142, 1395, 521, 1348, 1180	69	U+005e U+0067 U+0068
^gs	g s	gsʊ-, -gsan	1313, 643	2	U+005e U+0067 U+0073
^gw	gʷ	gwau, gwae	68, 213, 566, 223, 1426, 549, 26, 334, 1431, 512, 532, 1460, 1429, 219, 1369, 1432, 1454, 404, 1393, 1425, 1377, 159, 1461, 1459, 1438, 646, 1387, 1333, 550	65	U+005e U+0067 U+0077
^g|	g +	g|aeg, g|ila	77, 66	2	U+005e U+0067 U+007c
^gʷ	gʷ	gʷen, gʷay	66, 1500, 141, 168, 72	8	U+005e U+0067 U+02b7
^h	h	hani, hava	21, 37, 26, 38, 10, 24, 4	100	U+005e U+0068
^h$	h	h	243, 156, 238	3	U+005e U+0068 U+0024
^hh	hː	hhaa, hhura	1212	2	U+005e U+0068 U+0068
^hs	h s	hsau	156	1	U+005e U+0068 U+0073
^hw	hʷ	hwa, hwii	212, 123, 56, 1350, 76, 471	15	U+005e U+0068 U+0077
^i	i	ina, iu	37, 26, 38, 25, 30, 11, 7, 24, 23, 40, 21, 10, 4	100	U+005e U+0069
^i$	i	i, i-	401, 259, 142, 56, 243, 210, 400, 155, 7, 253, 96, 238, 74, 64, 346, 349, 141, 245, 68, 247, 239, 229, 231, 364, 132, 65, 171, 66, 146, 91, 123, 106, 168, 225, 375, 342, 347, 352, 24, 85, 353, 152, 334, 49, 128, 52, 156, 264, 385, 338, 366, 38, 398, 235, 37, 113, 223, 246, 230, 121, 97, 76, 131, 129, 118, 388, 217, 282, 242, 244, 71, 206, 102, 40, 196, 10, 145, 402, 58, 337	100	U+005e U+0069 U+0024
^i:	iː	i:k, i:məŋ	923	4	U+005e U+0069 U+003a
^i:$	iː	i:	346, 923	2	U+005e U+0069 U+003a U+0024
^ii	iː	iir, iik	349, 338, 223, 347, 337, 343, 228, 501, 1180, 165, 456, 247, 1425, 364, 589, 162, 457, 40, 1480, 1369, 79, 342	46	U+005e U+0069 U+0069
^ii$	iː	ii	1347, 1353, 338, 1358, 392, 342	6	U+005e U+0069 U+0069 U+0024
^i|	i +	i|hago, i|tab	94, 222, 230, 162, 121, 30, 135	86	U+005e U+0069 U+007c
^iˀ	i ʔ	iˀa	1108	1	U+005e U+0069 U+02c0
^iː	iː	iːba, iːdo	1389, 1383, 1384, 1382, 1374	5	U+005e U+0069 U+02d0
^iᵐb	i ⁿb	iᵐboŋ, iᵐbɛlɛᵐbɛs	1031, 1237, 1034, 1075, 352	5	U+005e U+0069 U+1d50
^iᵐ̣b	i ⁿb	iᵐ̣bœ	352	1	U+005e U+0069 U+1d50 U+0323
^iᵑg	i ⁿg	iᵑgam, iᵑgum	1034, 1117, 1244	10	U+005e U+0069 U+1d51
^iᵑ̣g	i ⁿg	iᵑ̣gɔ	352	1	U+005e U+0069 U+1d51 U+0323
^iⁿd	i ⁿd	iⁿdʳa, iⁿdu	1411, 1084, 355, 1056, 1068, 1006, 353, 356, 1011	17	U+005e U+0069 U+207f
^j	j/dʒ	jim, ji	30, 129, 141, 19, 146, 37, 97, 116, 24, 72, 71, 156, 168, 165, 182, 76, 57, 99, 46, 87, 40	100	U+005e U+006a
^jj	jj/dʒː	jjaβə	639	1	U+005e U+006a U+006a
^jw	jw/dʒʷ	jwɵ, jwo-	639	2	U+005e U+006a U+0077
^k	k	kekao, koyā	4, 11, 10, 7, 19	100	U+005e U+006b
^k$	k	k, k-	243, 23, 244	4	U+005e U+006b U+0024
^k:	kː	k:aj, k:aŋ	923	4	U+005e U+006b U+003a
^kh	kʰ	khaa, khɔkɔ	76, 459, 574, 555, 580, 212, 1480, 375, 217, 1412, 669	72	U+005e U+006b U+0068
^kh|	kʰ +	kh|on	459	1	U+005e U+006b U+0068 U+007c
^kk	kː	kkáŋ, -kkich	349, 347, 338, 336, 230, 344, 343, 337, 1364, 366, 639, 1212, 1334, 244	41	U+005e U+006b U+006b
^ks	k s	ksakes, ksaek	1334, 366, 322, 1088	6	U+005e U+006b U+0073
^kw	kʷ	kwalu, kwai	68, 646, 549, 228, 219, 374, 477, 223, 213, 26, 564, 550, 565, 566, 532, 159, 334, 106, 165, 222, 404, 56, 354, 23, 65, 66, 512, 30, 352	100	U+005e U+006b U+0077
^kw|	kʷ +	kw|iro, kw|asufe	165	12	U+005e U+006b U+0077 U+007c
^k|	k +	k|ae-, k|un	129, 26, 46, 30, 146, 21, 165	7	U+005e U+006b U+007c
^kʰ	kʰ	kʰumaʔi, kʰava	21, 156	13	U+005e U+006b U+02b0
^kʷ	kʷ	kʷoŋ, kʷel	19, 1168, 1144, 66, 639, 1172, 344, 1111, 146, 1077, 69, 1019, 1153, 1334, 1007, 354, 23, 1489	67	U+005e U+006b U+02b7
^l	l	lima, lua	10, 26, 11, 7, 25, 30, 37, 39, 21	100	U+005e U+006c
^l$	l	l, l-	230, 243, 64, 217, 238, 696	8	U+005e U+006c U+0024
^l:	lː	l:an	923	1	U+005e U+006c U+003a
^lh	lʰ	lhi, lhatou	375, 228	2	U+005e U+006c U+0068
^ll	lː	lló-, lloa	338, 344, 243, 64, 217, 336, 1180, 244, 352	11	U+005e U+006c U+006c
^ls	l s	-lsê, lsua	644, 1011, 1293, 645, 643, 1125	6	U+005e U+006c U+0073
^lw	lʷ	lwen, lwe	65, 366	6	U+005e U+006c U+0077
^l|	l +	l|an̄i	113	1	U+005e U+006c U+007c
^l̥	l̥	l̥op mate, l̥op	1343	3	U+005e U+006c U+0325
^m	m	mate, mam	10, 7, 4, 11	100	U+005e U+006d
^m$	m	m, m-	244, 243, 1500, 23, 1503, 1495, 1497, 1498, 1491, 1502	11	U+005e U+006d U+0024
^m:	mː	m:aʃ	923	1	U+005e U+006d U+003a
^mh	mʰ	mhe, mhan	375, 217, 228, 162	8	U+005e U+006d U+0068
^mhw	mʷʰ	mhwe janâ-	1480	1	U+005e U+006d U+0068 U+0077
^mm	mː	mmao, mmae	243, 64, 349, 1212, 343, 242, 337, 244, 352, 217, 338, 336, 229, 1364, 159, 238, 645, 230, 1034, 1049, 639, 99	35	U+005e U+006d U+006d
^ms	m s	msak, msin	1398, 1088, 207, 644, 159, 646, 1000, 1334, 1134, 532, 645, 322	12	U+005e U+006d U+0073
^mw	mʷ	mwane, mwata	404, 179, 113, 453, 558, 556, 356, 516, 219, 159, 477, 65, 94, 484, 367, 97, 76, 561, 456, 374, 223, 162, 228, 354, 23, 346, 511, 549, 501, 471, 352	100	U+005e U+006d U+0077
^mw:	mʷː	mw:os	923	1	U+005e U+006d U+0077 U+003a
^mwh	mʷʰ	mwhemwe	1387	1	U+005e U+006d U+0077 U+0068
^mwː	mʷː	mwːou	1389	1	U+005e U+006d U+0077 U+02d0
^m|	m +	m|unu	103	1	U+005e U+006d U+007c
^mʷ	mʷ	mʷi, mʷoot	338, 336, 168, 342, 19, 25, 71, 74, 344, 337, 73, 69, 96, 146, 343, 72, 65, 57	100	U+005e U+006d U+02b7
^mʷmʷ	mʷː	mʷmʷus, mʷmʷuh	338, 347, 344, 343, 349, 336, 337	14	U+005e U+006d U+02b7 U+006d U+02b7
^m̃	m̃/m	m̃it, m̃asei	322, 1000, 103	19	U+005e U+006d U+0303
^m̈	m̈/m	m̈asi, m̈ana	1027, 1169, 1068, 1125, 1009, 1011	45	U+005e U+006d U+0308
^m̥	m̥	-m̥up, -m̥o	1031	3	U+005e U+006d U+0325
^mᵐʙ	m ⁿʙ	mᵐʙul, mᵐʙule-n ammah	1378, 1377, 1485, 1380	7	U+005e U+006d U+1d50
^n	n	na, nani	19, 4, 21, 7, 24, 11, 10, 23, 25	100	U+005e U+006e
^n$	n	n	400, 402, 401, 243, 346, 1389, 1500, 1503, 1495, 238, 1497, 244, 1498, 1491, 1502	66	U+005e U+006e U+0024
^n:	nː	n:i:	923	1	U+005e U+006e U+003a
^nh	nʰ	nhaŋ-, nhenapw	228, 162, 1480	7	U+005e U+006e U+0068
^nn	nʰ	n-nam, nna	230, 349, 1011, 696, 1125, 347, 530, 1398, 1401, 1068, 4, 343, 1377, 1421, 352, 1404, 65	25	U+005e U+006e U+006e
^ns	n s	nsa, nsuru	484, 457, 207, 1031, 334, 1000, 322, 132, 1374	23	U+005e U+006e U+0073
^nw	nʷ	nwauna	1435	1	U+005e U+006e U+0077
^n|	n +	n|i, n|aha	37, 120, 69, 131, 96, 71, 72	7	U+005e U+006e U+007c
^n̄	n̄/n	n̄gi	377	1	U+005e U+006e U+0304
^n̥	n̥	n̥e-ŋ	1031	1	U+005e U+006e U+0325
^n̩	n̩/ŋ	n̩ə-milo-	1313	1	U+005e U+006e U+0329
^n̼	n̼	-n̼an, -n̼anax	1285	14	U+005e U+006e U+033c
^nⁿr	n ⁿr	nⁿras, nⁿruwi-n	1382, 1380, 1378, 1384, 1387, 1386	33	U+005e U+006e U+207f
^o	o	one, ono	65, 67, 57, 66, 11, 68, 38, 37, 49, 58, 24, 71, 64, 52, 26, 46, 54, 23, 10, 39, 25	100	U+005e U+006f
^o$	o	o, -o	357, 1485, 1392, 179, 1514, 148, 142, 1131, 1507, 285, 1364, 159, 71, 246, 74, 1479, 243, 121, 64, 1188, 512, 1503, 1511, 76, 131, 57, 643, 123, 129, 402, 7, 99, 375, 1361, 1489, 96, 1484	38	U+005e U+006f U+0024
^o:	oː	o:n, o:ve	1485, 1504, 1506, 1491, 1508, 923	6	U+005e U+006f U+003a
^o:$	oː	o:	1505, 1485, 1511, 1484, 1492	5	U+005e U+006f U+003a U+0024
^oo	oː	ool, oo-mai	343, 338, 475, 1212, 76, 223, 128, 471, 72	9	U+005e U+006f U+006f
^oo$	oː	oo	1485, 235, 644	3	U+005e U+006f U+006f U+0024
^o|	o +	o|mĕs, o|me	106, 71, 72	3	U+005e U+006f U+007c
^oˀ	o ʔ	oˀo	1166	1	U+005e U+006f U+02c0
^oː	oː	oːnah	1386	1	U+005e U+006f U+02d0
^oᵐb	o ᵐb	oᵐblaia, oᵐbora	1056	2	U+005e U+006f U+1d50
^oⁿǰ	o ⁿdʒ	oⁿǰo-ᵑge, oⁿdoxa	1497, 1484, 353	3	U+005e U+006f U+207f
^p	p	puughuu, pat	10, 4, 7, 19, 25, 23, 21, 26	100	U+005e U+0070
^p$	p	p	235, 243	2	U+005e U+0070 U+0024
^p:	pː	p:i	923	1	U+005e U+0070 U+003a
^ph	pʰ	phukri, phea	1480, 555, 212, 574, 580, 375, 21, 38	36	U+005e U+0070 U+0068
^phw	pʷʰ	phwãne	212	1	U+005e U+0070 U+0068 U+0077
^pp	pː	ppi, ppe	230, 639, 336, 344, 343, 338, 349, 366, 1212, 347, 337	14	U+005e U+0070 U+0070
^ps	p s	psəɣa, pso	139, 10, 123, 162, 644, 1334	8	U+005e U+0070 U+0073
^pw	pʷ	pwopwoŋa, pwoŋiana	179, 556, 567, 558, 643, 576, 76, 356, 159, 349, 516, 354, 646, 212, 65, 644, 342, 343, 336, 404, 219, 460, 228, 94, 639, 584, 347, 352	100	U+005e U+0070 U+0077
^pw:	pʷː	pw:ɞl, pw:as	923	3	U+005e U+0070 U+0077 U+003a
^p|	p +	p|law, p|efu	93, 118	2	U+005e U+0070 U+007c
^pʰ	pʰ	pʰaŋe-, pʰaʔu-	1048, 21	2	U+005e U+0070 U+02b0
^pʷ	pʷ	pʷa, pʷoŋi-	349, 336, 71, 342, 337, 343, 19, 72, 354, 1088, 96, 476, 74, 73, 356, 1128, 1103, 1072, 1007, 1048, 353, 1131, 504, 69	100	U+005e U+0070 U+02b7
^pʷpʷ	pʷː	pʷpʷél, pʷpʷéli-	338, 349, 336	10	U+005e U+0070 U+02b7 U+0070 U+02b7
^p̃	p̃/p	p̃ogi, p̃el	1000, 103, 322	23	U+005e U+0070 U+0303
^p̈	p̈/p	-p̈ətir, p̈araβu	1027, 1169, 1125	7	U+005e U+0070 U+0308
^q	q	qan, qai	30, 77, 25, 182, 196, 11, 159, 512, 509, 473, 508, 363, 97, 117, 79	96	U+005e U+0071
^qw	qʷ	qwele	512	1	U+005e U+0071 U+0077
^r	r	rou, rama	39, 24, 25, 26, 37, 4, 11, 40, 23, 30, 21, 19, 38	100	U+005e U+0072
^r$	r	r	1340, 242	2	U+005e U+0072 U+0024
^rh	rʰ	rhu, rhērē	1188, 1180, 217, 1358, 1387	15	U+005e U+0072 U+0068
^rr	rː	rre, rriki	459, 465, 1212, 366, 1000	35	U+005e U+0072 U+0072
^rs	r s	-rsu, rsie	644, 1049	2	U+005e U+0072 U+0073
^rs$	r s	-rs	1169	1	U+005e U+0072 U+0073 U+0024
^rw	rʷ	rwa, -rwu	106, 644	4	U+005e U+0072 U+0077
^rʃ	r ʃ	rʃa, rʃãva	1504, 1511, 1501, 1492, 1484, 1512, 1489, 1325	37	U+005e U+0072 U+0283
^rʷ	r ʷ	rʷeŋewil	344	1	U+005e U+0072 U+02b7
^r̃	r̃/r	r̃yau, r̃uqu	30, 1048, 67, 669, 1049	17	U+005e U+0072 U+0303
^r̊	r̥	r̊oi̊	1358	1	U+005e U+0072 U+030a
^rᵑg	r ⁿg	-rᵑgah	645	1	U+005e U+0072 U+1d51
^rⁿd	r ⁿd	-rⁿdawe	1169	1	U+005e U+0072 U+207f
^s	s	sus, sis	7, 25, 4, 11, 10, 21, 24, 23, 26, 30	100	U+005e U+0073
^s$	s	s	64, 242	4	U+005e U+0073 U+0024
^s:	sː	s:aŋ	923	1	U+005e U+0073 U+003a
^sh	sʰ	shéé, shúú	338, 347, 76, 156, 196, 1180, 72	37	U+005e U+0073 U+0068
^ss	sː	ssi, ssa	337, 1049, 230, 64, 639, 349	9	U+005e U+0073 U+0073
^sw	sʷ	swa, -swe	106, 366, 798, 1048, 459	9	U+005e U+0073 U+0077
^s|	s +	s|esa	79	1	U+005e U+0073 U+007c
^sʰ	sʰ	sʰeⁿdan	1498	1	U+005e U+0073 U+02b0
^t	t	tamata, ta	7, 4, 10, 11	100	U+005e U+0074
^t$	t	t, t-	244, 156, 23, 338, 798, 400, 253, 476	10	U+005e U+0074 U+0024
^t:	tː	t:ʉ-, t:an	923	2	U+005e U+0074 U+003a
^th	tʰ	thi, tha	367, 375, 212, 99, 196, 76, 471, 555, 77, 37, 217, 553, 21	100	U+005e U+0074 U+0068
^th$	tʰ	th	96	1	U+005e U+0074 U+0068 U+0024
^ts	ts	tsitsi, tsotso	141, 4, 465, 393, 858, 87, 225, 647, 97, 641, 156, 470, 377, 366, 555, 574, 89	86	U+005e U+0074 U+0073
^tt	tː	ttú-, ttow	349, 336, 1212, 347, 344, 338, 639, 337, 343, 1334, 244	42	U+005e U+0074 U+0074
^tw	tʷ	twetwe-, twe kof	65, 644, 366	5	U+005e U+0074 U+0077
^t|	t +	t|inɛ	46	1	U+005e U+0074 U+007c
^tʰ	tʰ	tʰere, tʰano	21, 352, 1048, 502	10	U+005e U+0074 U+02b0
^tʳ	tʳ	tʳitʳim, tʳoˀaɣ	1072, 1019, 1153	11	U+005e U+0074 U+02b3
^tˢ	ts	tˢoβi, tˢino-	1114, 1101, 1152, 1167, 1056, 1117, 1084, 1027, 1010, 1036, 1108, 1166, 1151, 1015, 1113, 1072, 1034, 1100	83	U+005e U+0074 U+02e2
^t̪	t̪	t̪ena, t̪ami	1498, 1495, 1489, 1491, 1499, 1497, 1484, 1492, 1485	100	U+005e U+0074 U+032a
^t͡s	ts	-t͡soɸ, t͡semun	1251, 1325, 1293, 1318, 1404, 1398, 1292, 1286	15	U+005e U+0074 U+0361 U+0073
^t͡ʃ	tʃ	t͡ʃurɛt͡ʃ, t͡ʃige	1246, 1247	12	U+005e U+0074 U+0361 U+0283
^tᵐb	t ⁿb	tᵐba-	1319	1	U+005e U+0074 U+1d50
^tⁿd	t ⁿd	-tⁿdi	1319	1	U+005e U+0074 U+207f
^u	u	ua, um	30, 26, 24, 25, 49, 52, 58, 7, 11, 38, 37, 10, 23, 64, 40, 46, 56, 21, 54, 57	100	U+005e U+0075
^u$	u	u, u-	1341, 400, 1485, 207, 217, 282, 38, 1492, 1131, 354, 477, 1435, 794, 98, 259, 476, 1019, 74, 171, 1504, 1188, 1511, 49, 213, 131, 643, 156, 118, 1340, 77, 342, 388	35	U+005e U+0075 U+0024
^uu	uː	uubʷ, uu'i	347, 79, 471, 217, 576, 337, 338, 456, 1336, 223, 155	13	U+005e U+0075 U+0075
^uu$	uː	uu, uu-	259, 238, 501, 589, 1212, 244, 206, 235, 243, 217, 753, 58, 85, 342, 253, 155, 210	25	U+005e U+0075 U+0075 U+0024
^u|	u +	u|utu, u|mʷek	40, 126, 71, 103	4	U+005e U+0075 U+007c
^uᵐb	u ⁿb	uᵐbʷo, uᵐboara	1512, 354, 1503, 1511, 1484	5	U+005e U+0075 U+1d50
^uᵑk	u ⁿk	uᵑku-	1117	1	U+005e U+0075 U+1d51
^uⁿd	u ⁿd	uⁿdʳu-, uⁿdʳlani	1068, 1084, 1101, 1503, 1495, 1011, 1056, 1498, 1169, 1042	10	U+005e U+0075 U+207f
^v	v	va, vo	4, 11, 24, 25, 21, 19	100	U+005e U+0076
^v$	v	v	229, 235, 247	3	U+005e U+0076 U+0024
^vh	vʰ	vha, vhati	1334, 228	2	U+005e U+0076 U+0068
^vs	v s	-vsi, vsia	645, 470, 1247	5	U+005e U+0076 U+0073
^vv	vː	vvoro, vvee	1212, 244, 1334	3	U+005e U+0076 U+0076
^vw	vʷ	vwivwu, vwiu	113, 456, 367, 1480, 645, 484, 460, 352	24	U+005e U+0076 U+0077
^vʷ	vʷ	vʷan, -vʷirtian	1314, 1396, 1313, 1412	6	U+005e U+0076 U+02b7
^v̈	v̈/v	v̈anv̈ano, v̈ira-	1169, 1125, 1068, 1027, 1009	24	U+005e U+0076 U+0308
^w	w	wau, win	25, 30, 40, 39, 10, 7, 24, 11, 23, 19, 46	100	U+005e U+0077
^w:	wː	w:a:n	923	1	U+005e U+0077 U+003a
^wh	wʰ	whitu, whaka|maa	85, 1180, 155, 1350	22	U+005e U+0077 U+0068
^ww	wː	wwɛ, wwa	230, 338	2	U+005e U+0077 U+0077
^w|	w +	w|abu	145	1	U+005e U+0077 U+007c
^x	x	xəj, xas	19, 120, 457, 196, 121, 471, 148, 460, 484, 212, 76, 57, 99, 156, 357	100	U+005e U+0078
^xs	x s	-xsan	1319	1	U+005e U+0078 U+0073
^x|	x +	x|ami, x|il	120	3	U+005e U+0078 U+007c
^xʰ	xʰ	xʰim, xʰopoen	1508, 1514, 1513, 1502, 1500, 1489, 1507, 1499, 1495, 1497	64	U+005e U+0078 U+02b0
^xʷ	xʷ	xʷata, xʷosaxi	19, 1080	5	U+005e U+0078 U+02b7
^y	y/j	ya, yau	65, 30, 7, 11, 56, 49, 73, 39, 69, 10, 23, 72, 40, 76, 67, 71, 19, 57	100	U+005e U+0079
^y$	y	-y	400	1	U+005e U+0079 U+0024
^yy	yy/jː	yya	342	1	U+005e U+0079 U+0079
^yˁ	yˤ/jˤ	yˁən	1049	1	U+005e U+0079 U+02c1
^z	z	zɔɣɔtɔ, zik	182, 7, 368, 385, 363, 139, 191, 21, 234, 401, 365, 117, 54, 508, 168, 231, 140	100	U+005e U+007a
^zh	zʰ	zheha-	645	1	U+005e U+007a U+0068
^|o	o	|ongoul	65	1	U+005e U+007c U+006f
^|r	r	|rurubi|n	222	1	U+005e U+007c U+0072
^|t	t	|tiririn	222	1	U+005e U+007c U+0074
^|w	w	|wa|ta	99	1	U+005e U+007c U+0077
^|y	y/j	|yaraten	222	1	U+005e U+007c U+0079
^°	NULL	°°wowɵ	639	1	U+005e U+00b0
^ß	β	ßɪy, ßanßan	376, 453, 669	16	U+005e U+00df
^ßw	βʷ	ßweleŋ, ßwaraßwar	453	4	U+005e U+00df U+0077
^à	ʔ à/a	àu, ào	58, 210, 258, 206, 238, 38, 334, 264, 64, 239	68	U+005e U+00e0
^à$	ʔ à/a	à	210, 206, 334	4	U+005e U+00e0 U+0024
^àh	ʔ à/a h	àho, àhu	258	2	U+005e U+00e0 U+0068
^às	ʔ à/a s	àso	206, 210	2	U+005e U+00e0 U+0073
^àw	ʔ à/a w	àwê, àwà	334	3	U+005e U+00e0 U+0077
^àà	ʔ à/a ʔ à/a	àànu	264, 210	2	U+005e U+00e0 U+00e0
^àà$	ʔ à/a ʔ à/a	àà	38	1	U+005e U+00e0 U+00e0 U+0024
^á	ʔ á/a	áto, ánne-	346, 349, 338, 38, 220, 7, 363, 67, 24	44	U+005e U+00e1
^áá	ʔ á/a ʔ á/a	áák, áámi	349, 338, 97	8	U+005e U+00e1 U+00e1
^â	â/a	â˧bo˧ro˧, â˥mû˥	1479, 1480, 501, 1188, 76, 1369	24	U+005e U+00e2
^ã	ã	ã e xerua, ã e xeia	1484, 1485, 1504, 584, 1492	6	U+005e U+00e3
^ã$	ã	ã	1505	1	U+005e U+00e3 U+0024
^ä	ä/æ	äek, äfe	1334, 116, 1392	3	U+005e U+00e4
^å	ḁ/a	åe, ån	97	2	U+005e U+00e5
^åw$	å/a w	åw	97	1	U+005e U+00e5 U+0077 U+0024
^æ	æ	æβur, æpulvʌ	1168, 1032, 1083, 504, 923, 65, 1411, 502	20	U+005e U+00e6
^æ$	æ	æ	504	1	U+005e U+00e6 U+0024
^æ:	æː	æ:t, æ:mi	923	2	U+005e U+00e6 U+003a
^ç	ç	çɛdɛnũrũ, çikɛ	19	15	U+005e U+00e7
^è	è/e	è˧a˧, è˥tö˥	1479, 334	10	U+005e U+00e8
^é	é/e	é˥o:˥, ét	349, 1479, 346, 264	7	U+005e U+00e9
^éw	é/e w	éwú-	349	1	U+005e U+00e9 U+0077
^éé	ʔ é/e ʔ é/e	éét, één	349, 338	3	U+005e U+00e9 U+00e9
^ê	ê/e	êju, êc	1479, 1480, 643, 343, 645	8	U+005e U+00ea
^ê$	ê/e	ê, -ê	1479, 334	2	U+005e U+00ea U+0024
^êh	ê/e h	êhê	645, 643	2	U+005e U+00ea U+0068
^êh$	ê/e h	êh	645	1	U+005e U+00ea U+0068 U+0024
^ês	ê/e s	êsên, êsêàc	643, 334	3	U+005e U+00ea U+0073
^ês$	ê/e s	ês	643	1	U+005e U+00ea U+0073 U+0024
^ë	ë/ə	ënön	196	1	U+005e U+00eb
^ì	ʔ ì/i	-ìa, ìku	58, 38, 206, 210, 239, 238, 258	27	U+005e U+00ec
^ì$	ʔ ì/i	ì	258, 210	2	U+005e U+00ec U+0024
^ìw	ʔ ì/i w	ìwaɣ, ìwe	1334	2	U+005e U+00ec U+0077
^í	ʔ í/i	íka, ínusú	346, 220, 646, 7, 67, 38	12	U+005e U+00ed
^íí	ʔ í/i ʔ í/i	ííma	38	1	U+005e U+00ed U+00ed
^î	ʔ î/i	î˥, î˥rî˥cö˥	1479, 264	6	U+005e U+00ee
^ð	ð	ðaᵐbi, ðou	230, 563, 1441, 1392, 1335, 561, 1006, 1314, 1505, 1217, 1084, 1500, 1502, 1513, 1049, 1238, 1514	89	U+005e U+00f0
^ðð	ðː	ððɨŋe	230	1	U+005e U+00f0 U+00f0
^ð̼̼	ð̼̼	-ð̼̼ihahax, -ð̼̼anaɣo	1285	6	U+005e U+00f0 U+033c U+033c
^ñ	ɲ	ñam, ñu	73, 353, 37, 196, 354, 146, 555, 30, 96, 1128, 1033, 72, 473, 357, 57, 19, 69, 574, 501, 471, 1007, 1131, 504, 93, 1009, 21, 71, 97, 49, 580, 584, 352	90	U+005e U+00f1
^ò	ʔ ò/o	òla, òba	334	3	U+005e U+00f2
^ó	ʔ ó/o	óós, ón	349, 338, 346, 798, 336, 363, 10	15	U+005e U+00f3
^ós	ʔ ó/o s	ósu-	349	1	U+005e U+00f3 U+0073
^ós$	ós	ós	798	1	U+005e U+00f3 U+0073 U+0024
^ô	ʔ ô/o	ôm, ôtai	334, 82, 645, 643, 644, 1480	12	U+005e U+00f4
^ô$	ʔ ô/o	-ô, ô	1479, 334	2	U+005e U+00f4 U+0024
^ô:	ʔ ô/oː	ô:˧mâ:˩	1479	1	U+005e U+00f4 U+003a
^ôh	ʔ ô/o h	ôh pni	645	1	U+005e U+00f4 U+0068
^ôh$	ʔ ô/o h	ôh	645	1	U+005e U+00f4 U+0068 U+0024
^ôs	ʔ ô/o s	-ôsê, ôsic	645, 334, 643	3	U+005e U+00f4 U+0073
^ôs$	ʔ ô/o s	ôs	644, 643	3	U+005e U+00f4 U+0073 U+0024
^õⁿd	õ ⁿd	õⁿdo	1504	1	U+005e U+00f5 U+207f
^ö	ö/œ	ö˥mâ:˥-rë˥u˥, öch	1479, 116, 349, 196	4	U+005e U+00f6
^ö$	ö/œ	-ö	1479	1	U+005e U+00f6 U+0024
^öh	ö/œ h	öhn	196	1	U+005e U+00f6 U+0068
^ø	ø	øl-, ør-	230, 1485, 1484, 1511	8	U+005e U+00f8
^ø$	ø	ø	1484, 1485	3	U+005e U+00f8 U+0024
^ù	ʔ ù/u	ùrù, ù˥tù˥	1479, 1511, 212, 1484, 1492	5	U+005e U+00f9
^ú	ʔ ú/u	úwa-, úle-	347, 338, 337, 346, 343, 23, 363, 38	33	U+005e U+00fa
^úú	ʔ ú/u ʔ ú/u	úúle, úúna	347, 337, 338	9	U+005e U+00fa U+00fa
^úú$	ʔ ú/u ʔ ú/u	úú-	338	1	U+005e U+00fa U+00fa U+0024
^û	ʔ û/u	ûdu, ûmi	1479, 1369, 264, 1480, 212	9	U+005e U+00fb
^û$	ʔ û/u	û	264, 1369	2	U+005e U+00fb U+0024
^üü$	üü/yː	üü	1369	1	U+005e U+00fc U+00fc U+0024
^ā	ā/a	ān, āŋi	530, 532, 68, 1626, 549, 141, 58, 152, 564, 118, 556, 565, 352, 239, 548, 353, 49, 52, 106, 1636, 584, 557, 502	45	U+005e U+0101
^ā$	ā/a	ā	659	1	U+005e U+0101 U+0024
^āh	ā/a h	āhea, āhe	557, 52	2	U+005e U+0101 U+0068
^ās	ā/a s	āsi, āse	576, 558, 556, 532, 557, 585, 353	7	U+005e U+0101 U+0073
^ās$	ā/a s	ās	106	2	U+005e U+0101 U+0073 U+0024
^č	č/tʃ	čuču-na, čiči	1007, 1033, 542, 548, 469, 540, 576, 1123, 1042, 1048, 555, 574, 352, 1026, 357	100	U+005e U+010d
^čh	čh/tʃʰ	čheŋe-ña	555	1	U+005e U+010d U+0068
^ē	ē/e	ēna, ēnei	152, 49, 585, 516	6	U+005e U+0113
^ē$	ē/e	ē	1188, 58	2	U+005e U+0113 U+0024
^ė	e	ėgėg	97	1	U+005e U+0117
^ĩ	ĩ	ĩrĩ	19	1	U+005e U+0129
^ī	ī	īʔa, īa	532, 152, 141, 68, 223, 584, 564, 557, 549	10	U+005e U+012b
^īh	ī/i h	īhu-nɛ	576	2	U+005e U+012b U+0068
^ĵ	ĵ/dʒ	ĵame, ĵala	555, 574	6	U+005e U+0135
^ļ	ļ/l	ļap, ļoʔe	344, 148	6	U+005e U+013c
^ļļ	ļļ/lː	ļļap	344	1	U+005e U+013c U+013c
^ņ	ņ/ŋ	ņa, ņamʷ	352, 344	4	U+005e U+0146
^ŋ	ŋ	ŋa, ŋoh	74, 65, 37, 73, 69, 77, 87, 82, 56, 7, 67, 25, 54, 66, 49, 79, 19, 23, 21, 64, 68, 4	100	U+005e U+014b
^ŋ$	ŋ	ŋ	1500, 1495, 1497, 1498, 1502	5	U+005e U+014b U+0024
^ŋ:	ŋː	ŋ:aw	923	1	U+005e U+014b U+003a
^ŋh	ŋʰ	ŋhau	365	1	U+005e U+014b U+0068
^ŋs	ŋ s	ŋsigit, ŋse	1340, 1391	2	U+005e U+014b U+0073
^ŋw	ŋʷ	ŋwane, ŋwaela	565, 564, 566, 223, 344, 23	16	U+005e U+014b U+0077
^ŋ|	ŋ +	ŋ|a, ŋ|atol	146, 121	2	U+005e U+014b U+007c
^ŋŋ	ŋː	ŋŋe, ŋŋúúŋ	82, 338, 349	3	U+005e U+014b U+014b
^ŋʷ	ŋʷ	ŋʷat, ŋʷera	1144, 639, 1116, 1168, 1111, 1153, 1080	22	U+005e U+014b U+02b7
^ŋ̣	ŋ̣	ŋ̣i	352	1	U+005e U+014b U+0323
^ŋ͡mʷ	ŋmʷ	ŋ͡mʷɛltøl	696	1	U+005e U+014b U+0361 U+006d U+02b7
^ō	ō/o	ōru, ō mai	585, 152, 68, 549, 118, 550, 58, 557, 352, 136	16	U+005e U+014d
^ō$	ō/o	ō	11, 1188, 476	3	U+005e U+014d U+0024
^œ	œ	œn, œlimʌ	504, 1153, 230, 571, 696, 502	16	U+005e U+0153
^œ$	œ	œ	352	1	U+005e U+0153 U+0024
^ř	ř/r	řeːi, řo	1382, 669, 1374, 1383	5	U+005e U+0159
^š	š/ʃ	šaɨ, šaba	19, 1421, 1138	13	U+005e U+0161
^ū	ū/u	ūtā, ūpu	576, 68, 532, 564, 549, 141, 550, 565, 1636, 223, 557, 253, 530, 585, 502	20	U+005e U+016b
^ū$	ū/u	ū	52, 141, 1626, 1636, 566, 213, 565	7	U+005e U+016b U+0024
^ů	ů/u	ůge, ůra	97	2	U+005e U+016f
^ǥ	ǥ/g	ǥoli, ǥabulo	140, 82	42	U+005e U+01e5
^ȯ	ȯ/o	ȯmwarere, ȯmwirara	97	11	U+005e U+022f
^ɒ	ɒ	ɒl-, ɒkɒk	65	3	U+005e U+0252
^ɔ	ɔ	ɔnɔ, ɔnɔmo	223, 532, 565, 230, 342, 566, 530, 542, 139, 518, 355, 502, 540, 549, 521, 516, 548, 535, 553, 65, 561, 234, 528, 54, 191, 87, 93, 21, 102, 66, 469, 555, 213, 563, 471	100	U+005e U+0254
^ɔ$	ɔ	ɔ	354, 639	2	U+005e U+0254 U+0024
^ɔ:$	ɔː	ɔ:-	923	1	U+005e U+0254 U+003a U+0024
^ɔ|	ɔ +	ɔ|ra	139	1	U+005e U+0254 U+007c
^ɔɔ	ɔː	ɔɔd, ɔɔne	223, 342	2	U+005e U+0254 U+0254
^ɔ̅	ɔ̅/ɔ	ɔ̅mbu, ɔ̅plə	502	3	U+005e U+0254 U+0305
^ɖ	ɖ	ɖø ni, ɖa:	1504	3	U+005e U+0256
^ə	ə	ələŋ, əŋn	228, 477, 162, 471, 571, 1075, 1169, 1383, 516, 352	48	U+005e U+0259
^əə	əː	əəhaem	471	1	U+005e U+0259 U+0259
^ɚ	ə˞	ɚɣa-na	516	1	U+005e U+025a
^ɛ	ɛ	ɛta, ɛne	56, 1321, 1237, 1361, 923, 1325, 1412, 87, 65, 376, 1246, 535, 1391, 1166, 1238, 1392, 1251, 223, 123, 565, 1230, 576, 1411, 1288, 93, 476, 1042, 1285, 564, 696, 1174, 532	100	U+005e U+025b
^ɛ$	ɛ	ɛ, -ɛ	65	2	U+005e U+025b U+0024
^ɛ:	ɛː	ɛ:w	923	1	U+005e U+025b U+003a
^ɛ|	ɛ +	ɛ|wu, ɛ|mon	56	2	U+005e U+025b U+007c
^ɛᵐb	ɛ ⁿb	ɛᵐdu	1251	1	U+005e U+025b U+1d50
^ɛⁿd	ɛ ⁿd	ɛⁿdʳɛ	1293	1	U+005e U+025b U+207f
^ɡ	g	ɡaura, ɡamatana	1347, 1348, 1360, 1359, 1350, 1346, 1349, 1358, 1343, 1356, 1353, 1355	87	U+005e U+0261
^ɡw	gʷ	ɡwel pura, ɡwal	1359	2	U+005e U+0261 U+0077
^ɣ	ɣ	ɣita, ɣau	54, 230, 139, 234, 191, 365, 282, 21, 376, 87, 206, 149, 363, 57	100	U+005e U+0263
^ɣ$	ɣ	ɣ	476	1	U+005e U+0263 U+0024
^ɣw	ɣʷ	ɣwaɣw, ɣwanu	1350, 1424	2	U+005e U+0263 U+0077
^ɣʷ	ɣʷ	ɣʷat̪in, ɣʷiaman	1499, 1498, 1080, 1497, 1500, 1495, 1504, 1512, 1514, 1502, 1508, 1507, 1513, 1501	37	U+005e U+0263 U+02b7
^ɨ	ɨ	ɨt, ɨke	96, 363, 230	4	U+005e U+0268
^ɩ	ɩ/ɪ	ɩŋ.ʌ, ɩ’lɔŋɛ	669	2	U+005e U+0269
^ɪ	ɪ	ɪn, ɪŋ	639, 1364, 123, 171, 376, 1237, 1229, 73, 696, 1309	15	U+005e U+026a
^ɪⁿd	ɪ ⁿd	ɪⁿdaru, ɪⁿdikakal	1412, 1251	2	U+005e U+026a U+207f
^ɬ	ɬ	ɬawodila, ɬasᵐbi	1288, 159	2	U+005e U+026c
^ɲ	ɲ	ɲak, ɲet̪	1497, 1489, 1514, 1513, 1501, 1508, 1507, 1491, 1492, 1512, 1484, 1504, 1505, 1485, 1502, 1499, 1495, 1503, 1511	88	U+005e U+0272
^ɲ$	ɲ	ɲ	1491	1	U+005e U+0272 U+0024
^ɳ	ɳ	-ɳiɾ, ɳa-lɪmrarl	1401, 1293, 1421, 1292, 1398, 1288, 1321, 1412, 1244, 1325, 1316, 1319, 1286, 1238, 1229, 1313, 1318, 1309	83	U+005e U+0273
^ɵ	ɵ	ɵauŋia, ɵalo	223	14	U+005e U+0275
^ɸ	ɸ	ɸu'ŋɛli, -ɸul	669, 1217	2	U+005e U+0278
^ɾ	ɾ	-ɾoɾ	1246	1	U+005e U+027e
^ʀ	ʀ	ʀéé, ʀóó-pʷut	336, 343, 230	17	U+005e U+0280
^ʃ	ʃ	ʃɔ:pwut, ʃɞ:n awa-	923, 156, 1246, 1325	14	U+005e U+0283
^ʃ:	ʃː	ʃ:ɔw, ʃ:a-	923	2	U+005e U+0283 U+003a
^ʉ	ʉ	ʉj, ʉa-	923, 639	7	U+005e U+0289
^ʉ:$	ʉː	ʉ:	923	1	U+005e U+0289 U+003a U+0024
^ʊ	ʊ	ʊw	376	1	U+005e U+028a
^ʋ	ʋ	-ʋuhuɸ	1254	1	U+005e U+028b
^ʌ	ʌ	ʌplʌ, ʌpʷæ	504	5	U+005e U+028c
^ʌ$	ʌ	ʌ	504, 65	2	U+005e U+028c U+0024
^ʒ	ʒ	ʒɛnaim	1247	1	U+005e U+0292
^ʔ	ʔ	ʔae, ʔifi	68, 118, 66, 24, 73, 91, 39, 116, 38	100	U+005e U+0294
^ʔw	ʔʷ	ʔwapi-, ʔwesoʔweso	1435, 1460, 219, 1426	13	U+005e U+0294 U+0077
^ʙ	ʙ	-ʙulɛmɛt, -ʙul	1251, 1411	3	U+005e U+0299
^ʝ	ʝ	ʝaᵐboat̪, ʝak	1498, 1499, 1495, 1508, 1497, 1489, 1500, 1506, 1491	26	U+005e U+029d
^ʧ	tʃ	-ʧavi, ʧɪpʷɪn	1421, 1325, 1321, 1404, 1398, 1313, 1401, 1309, 1286, 1318	34	U+005e U+02a7
^ʰa	ʰ/h a	ʰaguaingau	584	1	U+005e U+02b0 U+0061
^ʰk	ʰk	ʰkonap, ʰkinu	1498, 1506, 1505, 1489	7	U+005e U+02b0 U+006b
^ʰm	ʰm	ʰmu, ʰmun guc	1507, 1513, 1514, 1508, 1499, 1502, 1495, 1497, 1498, 1500, 1506	32	U+005e U+02b0 U+006d
^ʰmʷ	ʰmʷ	ʰmʷeⁿdi je, ʰmʷaⁿde n	1505, 1506, 1502	3	U+005e U+02b0 U+006d U+02b7
^ʰn	ʰn	ʰnu, ʰnaŋ	1504, 1495, 1502, 1505, 1499, 1507, 1498, 1506, 1489	12	U+005e U+02b0 U+006e
^ʰp	ʰp	ʰpoɛ, ʰpovec	1500, 1498, 1507, 1495, 1497	9	U+005e U+02b0 U+0070
^ʰv	ʰv	ʰvalic, ʰviŋ	1498, 1497	5	U+005e U+02b0 U+0076
^ʰʝ	ʰʝ	ʰʝak	1498	1	U+005e U+02b0 U+029d
^ˀa	ʔ a	ˀaleˀale, ˀamʷan	1077, 1072, 1015, 1010, 1114, 1108	20	U+005e U+02c0 U+0061
^ˀaˀ	ʔ a ʔ	ˀaˀara	1114, 1010	2	U+005e U+02c0 U+0061 U+02c0
^ˀaᵏpʷ	ʔ a ᵏpʷ	ˀaᵏpʷa-k	1077	1	U+005e U+02c0 U+0061 U+1d4f
^ˀe	ʔ e	ˀelia, ˀetˢa	1010, 1015	3	U+005e U+02c0 U+0065
^ˀe$	ʔ e	ˀe	1077	1	U+005e U+02c0 U+0065 U+0024
^ˀi	ʔ i	ˀitˢa-, ˀili	1077, 1010	4	U+005e U+02c0 U+0069
^ˀo	ʔ o	ˀoru, ˀora	1015	2	U+005e U+02c0 U+006f
^ˀoˀ	ʔ o ʔ	ˀoˀo, ˀoˀor	1166, 1015	2	U+005e U+02c0 U+006f U+02c0
^ˀu	ʔ u	ˀutu, ˀuwus	1072, 1114, 1077, 1010	5	U+005e U+02c0 U+0075
^ˀuˀ	ʔ u ʔ	ˀuˀuruxo, ˀuˀumia	1077, 1015	2	U+005e U+02c0 U+0075 U+02c0
^ˀuˀ$	ʔ u ʔ	ˀuˀ	1077	1	U+005e U+02c0 U+0075 U+02c0 U+0024
^ˁa	ʔ a	ˁay, ˁani	1049, 1015	11	U+005e U+02c1 U+0061
^ˁe	ʔ e	ˁeβe, ˁeni	1049	2	U+005e U+02c1 U+0065
^ˁi	ʔ i	ˁise-ˀu, ˁire	1049, 1015	4	U+005e U+02c1 U+0069
^ˁo	ʔ o	ˁoβʷara, ˁoβa-na	1015, 1049	2	U+005e U+02c1 U+006f
^ˁp	ˀp	ˁpu	1015	1	U+005e U+02c1 U+0070
^ˁu	ʔ u	ˁutu	1015	1	U+005e U+02c1 U+0075
^ˁð	ˀð	ˁðe	1049	1	U+005e U+02c1 U+00f0
^ˁə	ʔ ə	ˁərinye, ˁən	1049	2	U+005e U+02c1 U+0259
^Φ	ɸ	Φilʌk	359	1	U+005e U+03a6
^β	β	βɪn, βulu-	230, 639, 696, 1010, 1006, 1007, 1009, 67	100	U+005e U+03b2
^βs	β s	-βsɛŋal, -βsəɣan	1230, 1034	2	U+005e U+03b2 U+0073
^βsh	β sʰ	βshalsia	1084	1	U+005e U+03b2 U+0073 U+0068
^βʷ	βʷ	βʷat, βʷi xai	1145, 1031, 1048	5	U+005e U+03b2 U+02b7
^θ	θ	θi n, θasu	1502, 1513, 1514, 1174, 564, 223, 1500, 1049, 1499, 1505, 1507, 149	48	U+005e U+03b8
^ϑ	θ	ϑaitɔʔɔmana, ϑarufia	564, 223, 566, 561	18	U+005e U+03d1
^Ө	θ	Өata-na, Өaina-na	223, 564	3	U+005e U+04e8
^ᴩ	p	ᴩusexər, -ᴩre	1421, 1254, 1404	3	U+005e U+1d29
^ᵏpʷ	kpʷ	ᵏpʷoŋ, ᵏpʷete-ɣra-ŋ	1134, 1065, 1032, 1123, 1086, 1111, 1172, 1077	32	U+005e U+1d4f U+0070 U+02b7
^ᵐb	ⁿb	ᵐbasa, ᵐben	1031, 1006, 1033, 1032, 355, 1034, 1007, 354, 357, 356, 1026, 352, 353, 1011, 1048, 1042	100	U+005e U+1d50 U+0062
^ᵐbs	ⁿb s	-ᵐbsa	1288	1	U+005e U+1d50 U+0062 U+0073
^ᵐbʷ	ⁿbʷ	-ᵐbʷil, -ᵐbʷi	1229, 1421, 1251, 354, 1048, 1309, 1412, 1293, 1145, 353, 1031, 1491, 1398, 1026, 1286, 357, 1247, 1238, 355, 1313, 1321, 1396, 356, 1401, 352	45	U+005e U+1d50 U+0062 U+02b7
^ᵐbᵐ	ⁿbⁿ	-ᵐbᵐbʷil	1288	1	U+005e U+1d50 U+0062 U+1d50
^ᵐp	ⁿp	ᵐpatu-, ᵐpatiaβu	1117, 1011, 1068, 1009, 1036, 1083	28	U+005e U+1d50 U+0070
^ᵐʙ	ⁿʙ	-ᵐʙul, -ᵐʙus	1251, 1217, 1254, 1247, 1421, 1398, 1244, 1246, 1412, 1229, 1321	28	U+005e U+1d50 U+0299
^ᵐʙʷ	ⁿʙʷ	-ᵐʙʷɛr	1244	1	U+005e U+1d50 U+0299 U+02b7
^ᵐʙᵐ	ⁿʙⁿ	-ᵐʙᵐʙ	1229	1	U+005e U+1d50 U+0299 U+1d50
^ᵐβ	ⁿβ	ᵐβoŋ-	1229	2	U+005e U+1d50 U+03b2
^ᵑe	ŋ e	ᵑeisa	1086	1	U+005e U+1d51 U+0065
^ᵑg	ⁿg	ᵑgusu-, ᵑgaka	1229, 1244, 1254, 357, 1238, 356, 1292, 1237, 354, 1080, 1128, 1251, 1288, 1026, 1321, 352, 1007, 1309, 1246, 1316, 1031, 645, 1286, 1006, 1116, 1230, 1131, 1293, 1075, 1144, 1318, 1034, 1151, 1247, 1313	100	U+005e U+1d51 U+0067
^ᵑgw	ⁿgʷ	ᵑgwie	1116	1	U+005e U+1d51 U+0067 U+0077
^ᵑgʷ	ⁿgʷ	ᵑgʷatu-ᵑgu, ᵑgʷero-ᵑgu	1144, 1116, 1080	18	U+005e U+1d51 U+0067 U+02b7
^ᵑk	ⁿk	ᵑkae-, ᵑkaru	1117, 1114	13	U+005e U+1d51 U+006b
^ᶢʟ	ᶢ/ʟ	ᶢʟɵt, ᶢʟɔɣ	639	21	U+005e U+1da2 U+029f
^ḇ	b̠/b	ḇɛrpi, ḇiḇe	82, 56, 91, 140	22	U+005e U+1e07
^ḏ	d̠/d	ḏuḏu, ḏuŋia	140	8	U+005e U+1e0f
^ḡ	ḡ/g	ḡei-a, ḡagaru	113, 26, 67	18	U+005e U+1e21
^ṃ	m̩/m	ṃoko, ṃata	365, 352	7	U+005e U+1e43
^ṇ	n̩/n	ṇevau, ṇamia	365, 352	3	U+005e U+1e47
^ṙ	ṙ/r	ṙaŋ, ṙtjiŋin	1378, 1380	2	U+005e U+1e59
^ṛ	ṛ/r	ṛañu, ṛɔmɔɣɔ	352, 354, 365	5	U+005e U+1e5b
^ṭ	ṭ/ʈ	ṭaŋa, ṭae-	1125	6	U+005e U+1e6d
^ṱ	ṱ/t	ṱaɩnɛ, ṱɔßɛßʌɩ	669	7	U+005e U+1e71
^ạ	ạ/a	ạnusi, ạ'u	116	2	U+005e U+1ea1
^ạs	ạ/a s	ạsu	116	1	U+005e U+1ea1 U+0073
^ẽ	ẽ	ẽ xiɛ	1511	1	U+005e U+1ebd
^ề	ề/e	-ềc, -ềŋ	334	4	U+005e U+1ec1
^ồ	ồ/o	ồli	334	1	U+005e U+1ed3
^ồ$	ồ/o	ồ	334	1	U+005e U+1ed3 U+0024
^‐	NULL	‐ur mata‐	1330	1	U+005e U+2010
^‐ᵐbʷ	ⁿbʷ	‐ᵐbʷaro	352	1	U+005e U+2010 U+1d50
^‘	ʔ	‘akāea, ‘mwʌlʌw	669, 1626	2	U+005e U+2018
^’	ʔ	’i n, ’o:t̪	1498, 1495, 1504, 1497, 1499, 1505, 1500, 1506, 1502, 1491, 1507, 1508, 1503	100	U+005e U+2019
^’ⁿd	ʔ ⁿd	’ⁿdewe	1504	1	U+005e U+2019 U+207f
^ⁿb	ⁿb	ⁿbɛs	1251	1	U+005e U+207f U+0062
^ⁿd	ⁿd	ⁿdie, ⁿdoⁿdo	1006, 1080, 1111, 1077, 1032, 1075, 1034, 1048, 353, 1031, 1026, 356, 363, 355, 357, 1007, 354, 1114, 1083, 1033, 352	100	U+005e U+207f U+0064
^ⁿdʳ	ⁿdʳ	ⁿdʳe, ⁿdʳae-	1319, 1251, 1084, 1101, 1068, 1056, 1398, 1292, 1404, 1229, 1151, 1244, 1230, 1288, 1034, 1321, 1401, 1237, 1246, 1316, 1293, 1169, 1254, 1238	82	U+005e U+207f U+0064 U+02b3
^ⁿdʷ	ⁿdʷ	ⁿdʷu-	1006	1	U+005e U+207f U+0064 U+02b7
^ⁿg	ⁿg	ⁿgaka	1318	1	U+005e U+207f U+0067
^ⁿj	ⁿj	ⁿjaⁿju	363	1	U+005e U+207f U+006a
^ⁿr	ⁿr	ⁿrow	1382	1	U+005e U+207f U+0072
^ⁿs	ⁿs	ⁿsalɣa-	1286	1	U+005e U+207f U+0073
^ⁿt	ⁿt	ⁿtaᵐbawan, -ⁿtamuʃi ᵑga-mæʧ	1401, 1319, 1316, 1247	6	U+005e U+207f U+0074
^ⁿt͡s	ⁿts	-ⁿt͡suŋt͡suŋ, ⁿt͡sotɬ	1244, 1318, 1325	8	U+005e U+207f U+0074 U+0361 U+0073
^ⁿz	ⁿz	ⁿzal, ⁿzoŋo-	1309, 1318, 1286	11	U+005e U+207f U+007a
^ⁿǰ	ⁿǰ/ⁿdʒ	ⁿǰɔ, ⁿǰama	353, 352, 354	6	U+005e U+207f U+01f0
^ⁿʒ	ⁿʒ	ⁿʒi-, ⁿʒɪnɛ-	1313, 1309, 1318, 1286	12	U+005e U+207f U+0292
^ⁿḍ	ⁿḍ/ⁿɖ	ⁿḍoⁿḍo, ⁿḍoβsaia	1011	9	U+005e U+207f U+1e0d
^dz	dz
_	+	ki óu ti teé, vagana na hava	11, 38, 21, 26, 23, 24, 37, 4, 25, 10, 30, 7, 19, 39	100	U+005f
_$	NULL	karisi -, hala na ...	191, 123, 178, 574, 247	6	U+005f U+0024
__	+	ba ... nga, lara kabu - le bet	383, 641, 191, 1340	6	U+005f U+005f
__$	NULL	soŋ . .	1340	1	U+005f U+005f U+0024
___	+	uak . . ir	1340	1	U+005f U+005f U+005f
_ʰn	+ ʰn	ᵐboaxa ʰnaŋ, u ʰpa n	1497, 1507, 1513, 1514, 1508, 1503, 1489	13	U+005f U+02b0
_ˀ	+ ʔ	βai ˀau, loβu ˀau	1010	4	U+005f U+02c0
_ˁ	+ ˤ/ʕ	plsɨn ˁeβ	1049	1	U+005f U+02c1
_̂	+	samamo ̂ŋelia, mo ̂ne	82	2	U+005f U+0302
_ᵐb	+ ⁿb	ⁿdo ᵐboa, nim ᵐboa t̪’ien	1507, 1503, 1514, 1502, 1513, 1508, 1485, 1491, 1512, 1495, 1506, 1499, 1319, 1505, 1238, 1498, 1237, 1309, 1492, 1084, 1412, 1072, 1229, 1101, 1421, 1489, 356, 1033, 1484	80	U+005f U+1d50
_ᵑg	+ ⁿg	niβile ᵑguᵑgulo, naðlaᵑgal naðlaᵑgal ᵑgoxo utuve sei	1217, 1401	3	U+005f U+1d51
_ᶢʟ	+ ᶢ/ʟ	taŋwuj ᶢʟɵ	639	1	U+005f U+1da2
_ⁿd	+ ⁿd	ko ⁿda, e ⁿdara	1507, 1497, 1503, 1484, 1485, 1411, 1169, 1506, 1505, 1396, 1512, 1514, 1501, 1502, 1492, 1316, 1319, 1398, 1511, 1508, 1498	43	U+005f U+207f
a	a	tamata, bagarana	4	100	U+0061
a$	a	ta, ya	4, 7	100	U+0061 U+0024
a:	aː	wa:n, wa: n	131, 1479, 923, 1500, 1495, 1499, 1506, 1498, 1497, 1503, 1512, 1502, 1492, 1507, 1491, 1504, 1511, 1513, 1508, 1489	74	U+0061 U+003a
a:$	aː	ⁿda:, ⁿdea:	1485, 1484, 1512, 1492, 1511, 131, 1514, 1502, 1499, 1500, 1495, 1491, 1479, 1504, 1503, 1508, 1505, 1497, 923	32	U+0061 U+003a U+0024
a:ʰn	aː ʰn	wa:ʰnan	1513, 1514	2	U+0061 U+003a U+02b0
aa	aː	raakau, vaaì	76, 58, 77, 64, 4, 66, 71, 38, 37, 19, 74, 72	100	U+0061 U+0061
aa$	aː	maa, taa	19, 85, 108, 64, 58, 11, 155, 128, 76, 66, 79, 165, 38, 162, 187, 148, 37, 171, 102, 40, 156	100	U+0061 U+0061 U+0024
aveta]	a v e t a	aveta]	148	1	U+0061 U+0076 U+0065 U+0074 U+0061 U+005d
a|	a +	lea|na, ʔa|na	94, 93, 99, 19, 103, 87, 46, 108, 113, 121, 135, 26, 25, 68, 85, 69, 89, 66, 91, 136, 24, 54, 37, 98, 71, 139, 97, 79, 126, 57, 129, 106, 118, 7, 140, 67, 96	100	U+0061 U+007c
aʰn	a ʰn	xaʰnaŋ, kaʰʝun ɲaŋ	1497, 1507, 1513, 1514, 1508	15	U+0061 U+02b0
aʻ	a ʔ	paʻa	52	1	U+0061 U+02bb
aˀ	a ʔ	taˀua, mataˀu	1072, 1077, 1015, 1108, 1114, 1010, 1166, 1019	22	U+0061 U+02c0
aˀ$	a ʔ	liβi-βaˀ, maˀ	1077	2	U+0061 U+02c0 U+0024
aˁ	a ʕ	taˁariˁi, maˁaβi-ˀu	1015	3	U+0061 U+02c1
aː	aː	nɛ-ⁿdɛlaːs, baːt	1383, 1230, 1217, 1375, 1382, 1374, 1386, 1387, 1380, 1237, 1377, 1238, 1384, 1378, 1389, 1229	77	U+0061 U+02d0
aː$	aː	daː, -maː	1375, 1382, 1230, 1217, 1229, 1386	8	U+0061 U+02d0 U+0024
aːᵐb	aː ⁿb	a-maːᵐbora, ha-maːᵐboa	1237, 1230, 1238	3	U+0061 U+02d0 U+1d50
aˑ	aˑ	kəⁿdaˑtsu, ewaˑri	1229, 1238	2	U+0061 U+02d1
aᵏp͏w	a kpʷ	raᵏpʷa, taᵏpʷa-k	1032, 1134, 1086, 1065, 1172, 1077, 1123	13	U+0061 U+1d4f
aᵐb	a ⁿb	haᵐburman, naᵐbio	354, 1083, 1033, 1048, 1230, 1237, 353, 1116, 1056, 1145, 1034, 1238, 1031, 1009, 1144, 357, 1084, 1229, 1075, 1006, 1080, 1217, 1007, 1065, 1117, 1077, 645, 1100, 1042, 355, 356, 352, 1011	100	U+0061 U+1d50
aᵑg	a ⁿg	taᵑgʷaŋi-ᵑgu, -maᵑgal	1217, 1116, 1144, 1080, 1251, 1034, 1254, 352, 1007, 1056, 357, 1392, 1246, 353, 1117, 354, 1031, 1229, 1006, 1391, 1247, 1244, 1230	56	U+0061 U+1d51
aᵗ	a t	a-teʁaᵗsolᵗsol	1254	1	U+0061 U+1d57
aⁿd	a ⁿd	maⁿdi-, na-ɣaⁿt͡s-	1319, 1006, 357, 1321, 1251, 1084, 1412, 1293, 1145, 1034, 1254, 1083, 1244, 1292, 1237, 363, 1411, 1068, 354, 1077, 1288, 1229, 1056, 1075, 1169, 1080, 1151, 1116, 1484, 1485, 1007, 1128, 353, 1401, 1316, 1100, 1107, 1042, 1398, 1026, 1404, 1172, 1101, 1086, 1247, 1421, 1033, 1230, 1011	100	U+0061 U+207f
b	b	guba, tubu	4, 26, 11, 7, 21, 10, 37, 19, 23, 24	100	U+0062
b$	b	ab, tub	222, 141, 182, 77, 97, 106, 460, 645, 457, 49, 334, 644, 402, 7, 366, 401, 93, 459, 98, 146, 400, 359, 390, 10, 470, 145	100	U+0062 U+0024
bb	bː	tob-boma, riit bbun	456, 165, 159, 383	8	U+0062 U+0062
bb$	bː	aabb	456	1	U+0062 U+0062 U+0024
bs	b s	bebsen, wotabsus	644, 645, 1387, 1404	5	U+0062 U+0073
bw	bʷ	mbwaumbwau, ciibwi	367, 641, 453, 404, 346, 219, 76, 643, 646, 561, 669, 1355, 159, 97, 644, 357, 212, 456, 113, 94, 501, 484, 516, 1072, 567, 1369, 1333, 1180, 356	100	U+0062 U+0077
ᵐbʳ	ⁿbʳ	gitgitᵐbʳi	1254	1	U+0062 U+02b3
ᵐbʷ	ⁿbʷ	ciᵐbʷi, ⁿdɛlᵐbʷati	19, 502, 338, 1251, 1229, 344, 1083, 1421, 1230, 1128, 1411, 1401, 1412, 1491, 1145, 1503, 1247, 1396, 1033, 352, 1007, 1237, 1048, 1309, 1246, 1316, 504, 1288, 1293, 146, 357, 1506, 1049, 57, 168, 1244, 1238, 1321	69	U+0062 U+02b7
bʷ$	bʷ	uubʷ, kkébʷ	344, 338, 1244	6	U+0062 U+02b7 U+0024
b̃	b̃/b	nab̃ulu, ohp̃otb̃otet	69, 149	5	U+0062 U+0303
b̊	b̥/b	ɡab̊ur	1358	1	U+0062 U+030a
bⁿd	b ⁿd	iⁿdoᵐbⁿdoᵐb	1411	1	U+0062 U+207f
c	c/ts	gico, moco	11, 65, 69, 96, 87, 73, 49, 57, 71, 93, 72, 56, 99, 10	100	U+0063
c$	c/ts	in-sifac, méc	65, 334, 212, 99, 76, 182, 96, 196	100	U+0063 U+0024
ch	ch/tsʰ	lochona, pechigchig	1203, 1180, 349, 77, 384, 368, 338, 995, 87, 377, 1395, 1480, 463	100	U+0063 U+0068
ch$	ch/tsʰ	-kkich, qabiich	349, 1180, 77	37	U+0063 U+0068 U+0024
chch	chch/tsːʰ	pachchi-, pachchú-	349, 347, 336, 338	6	U+0063 U+0068 U+0063 U+0068
chch$	chch/tsːʰ	pachch, ppachch	336, 343, 338	3	U+0063 U+0068 U+0063 U+0068 U+0024
chw	chw/tsʷʰ	weachweach	77	1	U+0063 U+0068 U+0077
cs	cs/ts	acsracsr, lacsac	65, 334, 464	9	U+0063 U+0073
cs$	cs/ts	isacs, acs	65	2	U+0063 U+0073 U+0024
cw	cw/tsʷ	nocwa, in-kwacwac	464, 65	2	U+0063 U+0077
cʷ	cʷ/tsʷ	ucʷa	57	1	U+0063 U+02b7
d	d	gadokagadoka, kaadado	26, 19, 10, 11, 7, 4, 21, 23, 24	100	U+0064
d$	d	id, ded	179, 646, 342, 402, 182, 285, 99, 141, 77, 7, 400, 366, 484, 401, 93, 344, 97, 196, 456, 222, 463, 510, 460, 645, 644, 457, 453	100	U+0064 U+0024
dd	dː	toddi, tudde	165, 1180, 46	4	U+0064 U+0064
dh	dʱ	hudhud, gahaudhud	402, 400	2	U+0064 U+0068
ds	d s	-madsi	366	1	U+0064 U+0073
dw	dʷ	dedwitse	126	1	U+0064 U+0077
d|	d +	gad|ow	77	1	U+0064 U+007c
dʒ	dʒ	taⁿdʒáluku	363	1	U+0064 U+0292
ⁿdʳ	ⁿdʳ	aⁿdʳua, uⁿdʳu-	1084, 1056, 1101, 1068, 1151, 1292, 1319, 1293, 1100, 1321, 1251, 1169, 1238, 1237, 1288, 1229, 1019, 1027, 1034, 1244, 1230	100	U+0064 U+02b3
ⁿdʳ$	ⁿdʳ	aⁿdʳaⁿdʳ, -tɪtimaⁿdʳ	1319, 1151, 1321, 1398, 1293, 1401, 1404, 1412, 1244, 1034, 1056, 1254, 1421, 1100, 1019	26	U+0064 U+02b3 U+0024
d̂	ȡ/d	med̂aʔan	72	1	U+0064 U+0302
d̃	d̃/d	kɪd̃ah, d̃ãd̃a-n	69, 72, 71	15	U+0064 U+0303
e	e	meláen, teŋáen	7, 4, 11, 10	100	U+0065
e$	e	me, mate	21, 4, 11, 7, 23, 25, 24, 19, 10	100	U+0065 U+0024
e:	eː	te:j	923	1	U+0065 U+003a
ee	eː	teete, peehea	77, 212, 338, 336, 85, 76, 235, 223, 4, 58, 342, 343, 347, 247, 187, 253, 337, 217, 19, 179, 38, 242, 229, 152, 238, 244, 74, 206, 66, 162, 346, 128, 210, 136	100	U+0065 U+0065
ee$	eː	see, kee	217, 108, 210, 349, 19, 347, 247, 229, 4, 64, 501, 38, 258, 155, 212, 343, 338, 187, 471, 228, 245, 281, 336, 85, 235, 37, 238, 223, 244, 259, 243, 97, 76, 128, 264, 375, 342, 253, 337	100	U+0065 U+0065 U+0024
e|	e +	tine|na, fafe|n	94, 475, 222, 196, 69, 471, 149, 148, 87, 97, 106, 99, 212, 26, 68, 54, 179, 108, 72, 178, 460, 477, 223, 459, 476, 89, 71, 66, 121, 4, 162, 73, 79, 228, 129, 118, 145, 120, 165	77	U+0065 U+007c
eʰn	e ʰn	weʰnaŋ, xaeʰp	1513, 1514, 1502	3	U+0065 U+02b0
eʷ	e w	tekeleʷet	73	1	U+0065 U+02b7
eˀ	e ʔ	βileˀi, ˀaleˀale	1077, 1072, 1166, 1114	8	U+0065 U+02c0
eˀ$	e ʔ	βo-βeˀ, seˀ	1077, 1065	4	U+0065 U+02c0 U+0024
eː	eː	jeːp, ateː-n	1386, 1389, 1378, 1382, 1383, 1375, 1384, 1387	23	U+0065 U+02d0
eː$	eː	juːeː, gabweː-	1389, 1237, 1386	3	U+0065 U+02d0 U+0024
eᵏpʷ	e ᵏpʷ	reᵏpʷe, teᵏpʷeŋ-pini-k	1065, 1123	3	U+0065 U+1d4f
eᵐb	e ⁿb	ᵐbeᵐbe-, ⁿdeᵐp	1034, 1006, 1033, 1504, 357, 1254, 1217, 1238, 355, 1512, 1309, 353, 1499, 1068, 1507, 1084, 1500, 1031, 1495, 1056, 1144, 1491, 1026, 1503, 1513, 1505, 1011	40	U+0065 U+1d50
eᵑg	e ⁿg	meᵑgilɔ, rekeᵑke	1117, 1217, 355, 356, 1065, 353	6	U+0065 U+1d51
ᵑk	ⁿk
ⁿd	ⁿd	neⁿda:, xaleⁿdep	1485, 1512, 1500, 1006, 355, 1514, 1499, 1495, 1491, 1504, 1484, 1123, 1507, 1169, 1511, 1513, 357, 1508, 1505, 1007, 1128, 1502, 353, 1077, 1100, 1107, 1172, 1101, 1382, 1217, 1497, 1498, 356	68	U+0065 U+207f
f	f	ifiifu-na, in-sifac	66, 65, 10, 40, 46, 49, 21, 37, 7, 38, 30, 68, 19, 57	100	U+0066
f$	f	luf, yataf	141, 106, 93, 46, 49, 30, 77, 65, 131, 10, 146, 7, 225, 222, 56, 196	100	U+0066 U+0024
f:	fː	anʉf:a	923	1	U+0066 U+003a
ff	fː	gnaffur, faffas	1364, 366, 338, 349	4	U+0066 U+0066
ff$	fː	takeoff	1180	1	U+0066 U+0066 U+0024
fs	f s	safsɛf, nu-fson	1034, 1292, 470, 93, 1056	6	U+0066 U+0073
fw	fʷ	fwayafwaya, lufwa	1435, 1436, 1139, 1151, 1438, 322	9	U+0066 U+0077
f|	f +	ef|aiuk, nəf|reŋə-	477	2	U+0066 U+007c
fʷ	fʷ	nɪ-fʷaɣər, -fʷifʷin	1247, 1401	2	U+0066 U+02b7
g	g	karanganga, longku-longku	10, 4, 11, 21, 23, 25, 7, 19, 24	100	U+0067
g$	g	tag, mongmong	77, 98, 322, 178, 10, 25, 141, 7, 46, 97, 222, 49, 245, 182, 93, 259, 146, 76, 94, 58, 99, 116	100	U+0067 U+0024
gg	gː	nggïlenggïle, thonggo	367, 521, 37	25	U+0067 U+0067
gg$	gː	filfildogg	1180	1	U+0067 U+0067 U+0024
gh	gʱ	gheghaleghe, mbwaghanaghana	367, 858, 338, 4, 142, 521, 116, 87, 94, 1395, 375, 563	96	U+0067 U+0068
gh$	gʱ	burhough, ághiyágh	338, 1180	14	U+0067 U+0068 U+0024
gs	g s	langsi-, sungsung	644, 457, 459, 383, 641, 364, 798, 456, 1000, 1395, 1230	15	U+0067 U+0073
gw	gʷ	ŋgwaŋgwari, ŋgwini	223, 213, 564, 68, 565, 512, 646, 1454, 367, 23, 1364, 1461, 1395, 1426, 641, 1460, 566, 404, 1380, 1429, 159, 334, 1431, 511, 1382, 1333, 1432, 141, 1247	68	U+0067 U+0077
g|	g +	papaseg|on, sag|áf	99, 7	2	U+0067 U+007c
gʰ$	gʰ	-mɛvugʰ	1251	1	U+0067 U+02b0 U+0024
gʷ	gʷ	taᵑgʷaŋi-ᵑgu, tiᵑgʷa-ᵑgu	1144, 1080, 1500, 1116, 1042, 66, 504, 57, 1489, 352	19	U+0067 U+02b7
ᵐb	ⁿb	-tagᵐborai	1230	1	U+0067 U+1d50
h	h	tahi, kahirakahira	26, 21, 37, 24, 10	100	U+0068
h$	h	muh, kɪd̃ah	71, 65, 69, 72, 56	100	U+0068 U+0024
hh	hː	nennahhu, mæhhin	38, 120	3	U+0068 U+0068
hs	h s	fuhsr fuhsr, mihsrihsr	65, 794, 1286, 1138	19	U+0068 U+0073
hs$	h s	muhs, kaelahs	65, 179, 794	10	U+0068 U+0073 U+0024
hsh	h sh/sʰ	vahshiri	156	1	U+0068 U+0073 U+0068
hw	hʷ	kuhwah, bʷahwew	56, 344, 1426, 196, 149, 212, 463	8	U+0068 U+0077
h|	h +	tuh|ke, moh|tan	179, 149, 40, 196	8	U+0068 U+007c
i	i	tiziŋiní, visisiki	4, 7	100	U+0069
i$	i	li, wai	4, 10, 7, 11	100	U+0069 U+0024
i:	iː	mi:a, xi: n	1479, 923, 1505, 1491, 1499, 1507, 1151, 1500, 1503, 1495, 1513, 1497, 1514, 1502, 131, 1508	29	U+0069 U+003a
i:$	iː	mi:, keni:	923, 1492, 1503, 1511, 1484, 1479, 1485, 1505, 1501	18	U+0069 U+003a U+0024
ii	iː	chii-tin-ŋiin, ciibwi	77, 128, 212, 76, 223, 19, 108, 246, 66, 162, 118, 247, 229, 259, 4, 228, 245, 235, 187, 238, 244, 206, 149, 131, 79, 210, 220, 253, 165	100	U+0069 U+0069
ii$	iː	tii, kurii	165, 149, 108, 19, 128, 58, 235, 187, 210, 85, 244, 228, 120, 239, 38, 242, 229, 238, 223, 155, 243, 66, 162, 76, 212	100	U+0069 U+0069 U+0024
i|	i +	guguri|n, bai|bubuni|n	222, 94, 120, 470, 159, 103, 465, 97, 91, 108, 71, 162, 212, 26, 46, 85, 463, 187, 37, 113, 219, 87, 223, 69, 89, 457, 49, 196, 149, 126, 57, 123, 228, 129, 106, 145, 453, 225, 99, 140, 471, 96, 234	100	U+0069 U+007c
i|$	i +	si|	145	1	U+0069 U+007c U+0024
ʰ	ʰm	liʰmoveɲen, awiʰne ni	1497, 1504	2	U+0069 U+02b0
ʰn	ʰn
iʰ$	iʰ/i	-ᵐbiʰ, tɛᵐbiʰ	1319, 1251	3	U+0069 U+02b0 U+0024
iˀ	i ʔ	βitiˀi, tˢoriˀa	1072, 1114, 1010, 1077, 1166, 1015, 1108, 1019	18	U+0069 U+02c0
iˁ	i ʕ	iniˁo, taˁariˁi	1015	2	U+0069 U+02c1
iː	iː	miːhmiːh, miːpmiːp	1389, 1382, 1386, 1384, 1375, 1387, 1374, 1380, 1383	51	U+0069 U+02d0
iː$	iː	niː, siː	1380, 1386, 1377, 1383, 1378, 1382, 1387, 1389, 1384, 1374, 1375	57	U+0069 U+02d0 U+0024
i̊$	i̥/i	r̊oi̊	1358	1	U+0069 U+030a U+0024
ᵏpʷ	kpʷ	tiᵏpʷaŋi-ku, liᵏpʷian	1123, 1086	3	U+0069 U+1d4f
ᵐ	ⁿb	ciᵐbʷi, aiᵐbi	354, 1498, 1495, 1251, 1238, 1292, 1128, 1237, 1411, 1117, 1316, 1412, 1144, 1503, 1217, 1083, 1396, 1033, 1230, 1032, 1512, 1288, 1229, 1056, 1293, 1491, 1404, 1145, 1398, 1026, 1504, 1034, 1006, 1254, 1506, 1247, 1116, 1321, 1497, 1314, 1421, 1489, 352	73	U+0069 U+1d50
ᵑg	ⁿg	niᵑgo, tiᵑgʷa-ᵑgu	1116, 1080, 1007, 354, 1254, 1144, 353, 1117, 1128, 1031, 355, 1056, 357, 645	27	U+0069 U+1d51
ⁿd	ⁿd	paiⁿdu, βiⁿdʳi-	1169, 1048, 1084, 1077, 1504, 1006, 1254, 1116, 1244, 1512, 1068, 1288, 1075, 1491, 1107, 1145, 1101, 1080, 1151, 1007, 1411, 1501, 1502, 353, 1131, 1499, 354, 1319, 1500, 1495, 1056, 1144, 1042, 1172, 1503, 357, 1497, 1498, 1033, 1230, 352, 1011	71	U+0069 U+207f
j	j/dʒ	jirjir, ijeiji	57, 97, 129, 99, 37, 93, 24, 87, 146, 149, 10, 72, 71, 30, 116, 46, 19, 54, 132, 139, 96	100	U+006a
ij$	ij/i	ij, xəj	344, 453, 460, 196, 639, 342, 459, 30, 97, 182, 457, 99, 923, 149, 146	100	U+006a U+0024
əj	əi
jh	jh/dʒʱ	aθejhañ, nijho-	149	3	U+006a U+0068
jj	jj/dʒː	kajji-réyréy, pajjiri	344, 242	3	U+006a U+006a
jw	jw/dʒʷ	pɪ jwɵ	639	1	U+006a U+0077
k	k	vikomakareva, kikinaki	4, 10, 11, 7	100	U+006b
k$	k	tok, tuk	56, 39, 65, 10, 7, 30, 23, 49, 46	100	U+006b U+0024
k:	kː	sɔk:ul, pwɨʃɨk:ar	923	4	U+006b U+003a
kh	kʰ	dɔkha, nebetmakhav	459, 574, 580, 64, 641, 123, 376, 1480, 21, 375, 555, 69, 212	41	U+006b U+0068
kh$	kʰ	v'anakh, nev'ilakh	459	10	U+006b U+0068 U+0024
khs	kʰ s	vesakhsakh	459	1	U+006b U+0068 U+0073
kk	kː	akka-rap, teyikkof	338, 349, 571, 120, 336, 1180, 165, 71, 72, 347, 923, 38, 242	30	U+006b U+006b
kk$	kː	kukk	1180	1	U+006b U+006b U+0024
ks	k s	soksok, raksat	1342, 1254, 131, 123, 368, 1032, 456, 1411, 1065, 285, 1077, 645, 476, 65, 1000, 1395, 1391, 1151, 1346, 116, 342, 1230	27	U+006b U+0073
ks$	k s	təŋks, nɛks-	139, 1251, 366	5	U+006b U+0073 U+0024
kw	kʷ	sikwa, makwa	477, 223, 159, 228, 532, 68, 219, 334, 374, 65, 549, 356, 23, 213, 222, 404, 56, 98, 344, 66, 512, 385, 149, 123, 106, 352	100	U+006b U+0077
kw$	kʷ	suatukw, nəmrakw	228, 477	9	U+006b U+0077 U+0024
k|	k +	karak|ɔni, pek|ren	191, 54, 460, 67, 139	5	U+006b U+007c
kʰ	kʰ	guʔkʰu, bihrɔ kʰave	21, 502	8	U+006b U+02b0
kʰ$	kʰ	-lakʰ, -akʰ	1237, 1238, 1254	11	U+006b U+02b0 U+0024
kʷ	kʷ	ɣakʷakʷaɣa, jəkʷen	1144, 66, 639, 354, 1153, 344, 1077, 1168, 356, 57, 19, 1123, 1111, 1500, 1075, 146, 1333, 39, 1394, 502	51	U+006b U+02b7
kʷ$	kʷ	tokʷ, ɣarakʷ	1111, 344, 639, 1153, 1172, 1019	10	U+006b U+02b7 U+0024
kˀ	kˀ	ikˀa	1166	1	U+006b U+02c0
l	l	poli-poli, wililuk	10, 7, 11	100	U+006c
l$	l	tol, pal	56, 65, 49, 30, 7, 10, 39, 46, 25	100	U+006c U+0024
l:	lː	lol:o, al:ɛanej	923, 91	3	U+006c U+003a
lh	lʰ	vilhi, lolhow	228, 162, 230, 69, 641, 1131, 94, 1342, 1072, 1343	17	U+006c U+0068
lh$	lʰ	əlhieelh, aalh	228, 162	2	U+006c U+0068 U+0024
ll	lː	fillfilldoak, yálle-	1180, 72, 336, 71, 344, 354, 79, 123, 243, 217, 571, 77, 338, 366, 1346, 244, 923, 647	34	U+006c U+006c
ll$	lː	hakull, lall	1180, 336, 338	8	U+006c U+006c U+0024
ls	l s	solsol, kalsu-	1068, 1084, 65, 1006, 67, 1011, 1032, 1347, 366, 456, 463, 1065, 1131, 1056, 645, 98, 465, 1042, 644, 1049, 1387, 1125, 643, 641, 1340, 1174, 1346, 400, 532, 322, 96, 1348	39	U+006c U+0073
ls$	l s	kekels, yals	646	2	U+006c U+0073 U+0024
lw	lʷ	elwen, wilwil	463, 464, 1394, 1347, 56, 65, 1382, 376, 1138, 1251, 1134, 93, 1293, 1075, 69, 98, 1019, 74, 1285, 644, 1342, 1286, 1395, 457, 49, 1391, 149, 641, 123, 1083, 1353, 77, 1378, 1180, 1346, 1230	49	U+006c U+0077
lw$	lʷ	nɛ-lw-	1251	1	U+006c U+0077 U+0024
l|	l +	hol|maw, nal|agi	74, 93, 228, 162, 96, 103, 223, 69, 79, 108, 476	13	U+006c U+007c
l|s	l + s	pal|si	476	1	U+006c U+007c U+0073
lʃ	l ʃ	no-olʃin	1396	1	U+006c U+0283
lˀ	lˀ	ɣa-mˀolˀol	1077	1	U+006c U+02c0
l̥	l̥	-al̥ipu, -amal̥i	1139, 1083, 1343	14	U+006c U+0325
l̥$	l̥	-amæl̥, -al̥	1083	2	U+006c U+0325 U+0024
l̩$	l̩	nɛ-vl̩	1313	1	U+006c U+0329 U+0024
ᵐʙ	ⁿʙ	na-ᵐʙulᵐʙul, ⁿdɛlᵐbʷati	1251, 1398, 1401, 1404, 1217, 1293, 1396, 1411, 1421	14	U+006c U+1d50
lᵗs	l ᵗs/ts	a-teʁaᵗsolᵗsol	1254	1	U+006c U+1d57 U+0073
m	m	meyaním mumún, tamata	11, 4, 10, 7, 19, 21	100	U+006d
m$	m	am, um	30, 10, 56, 4, 7, 46, 39, 23, 49, 65, 24, 25	100	U+006d U+0024
mh	mʰ	kəmhau, emha	477, 228, 123, 162	8	U+006d U+0068
mh$	mʰ	aamh, apwomh	162, 228	3	U+006d U+0068 U+0024
mm	mː	mammach, wonom-ma-vit-	71, 349, 470, 336, 72, 338, 179, 1134, 1377, 383, 1042, 1145, 1034, 1212, 79, 571, 1180, 342, 388, 352	28	U+006d U+006d
mm$	mː	imm	1180	1	U+006d U+006d U+0024
ms	m s	limsax, -tamsi	464, 463, 1293, 1251, 287, 1131, 1077, 1398, 643, 67, 1032, 1325, 222, 1309, 391, 1111, 1288, 159, 645, 1318, 647, 65, 1172, 644, 798, 1286, 641, 1432, 1313, 1421, 1230	48	U+006d U+0073
ms$	m s	wams	1364	2	U+006d U+0073 U+0024
mw	mʷ	emwe, nəmwal-	97, 159, 162, 76, 94, 179, 367, 219, 356, 228, 404, 113, 65, 349, 212, 353, 357, 123, 376, 30, 352	100	U+006d U+0077
mw$	mʷ	ihmw, ʀóónimw	162, 1180, 338, 179, 336, 794, 97	17	U+006d U+0077 U+0024
mw:	mʷː	amw:o:ta, mwɔmw:ɔt	923	2	U+006d U+0077 U+003a
mwh	mʷʰ	numwherə-, omwhen	477, 228	5	U+006d U+0077 U+0068
m|	m +	am|at, oyum|ai	37, 162, 145, 207, 77, 120, 7, 73, 149, 131, 126, 71	12	U+006d U+007c
m|s	m + s	usim|se	126	1	U+006d U+007c U+0073
mʷ	mʷ	imʷa-, imʷomʷovo	347, 336, 338, 71, 354, 349, 73, 342, 356, 69, 168, 337, 25, 344, 355, 74, 146, 343, 19, 72, 353, 65, 352, 357, 376, 39, 96	100	U+006d U+02b7
mʷ$	mʷ	iimʷ, -nómʷ	344, 336, 376, 343, 338, 349, 1026, 1088, 1131, 1172, 342	22	U+006d U+02b7 U+0024
mˀ	mˀ	ɣa-mˀolˀol	1077	1	U+006d U+02c0
m̃	m̃/m	napum̃a, nam̃otam̃ota	1000, 103, 149, 322	37	U+006d U+0303
m̃$	m̃/m	niom̃, nasum̃	322, 149	6	U+006d U+0303 U+0024
m̄	m̄/m	naatam̄oli	103	1	U+006d U+0304
m̈	m̈/mʰ	tam̈a-, kam̈im	1009, 1169, 1027, 1068, 1125	51	U+006d U+0308
m̈$	m̈/mʰ	i-lim̈, kam̈im̈	1009, 1169	5	U+006d U+0308 U+0024
m̈m̈	m̈m̈/mːʰ	om̈m̈a	1125	1	U+006d U+0308 U+006d U+0308
m̥	m̥	na-m̥ta-k, na-m̥tau	1139	2	U+006d U+0325
m̥$	m̥	-am̥	1083	1	U+006d U+0325 U+0024
m̩$	m̩	dɔhʌbm̩	669	1	U+006d U+0329 U+0024
mᵇl	mb l	-lumᵇlumᵇ	1254	1	U+006d U+1d47
mᵇ$	mb	-samᵇ, nɛmᵇ	1230, 1254	4	U+006d U+1d47 U+0024
mᵗs	m ᵗs/ts	ramᵗsaf	1246	1	U+006d U+1d57 U+0073
ⁿdʳ	ⁿdʳ	-ⁿdʳimⁿdʳim, ⁿdʳomⁿdʳom	1229, 1056, 1068	3	U+006d U+207f
n	n	funí, nani	4, 7, 10	100	U+006e
n$	n	iwón, fon	7, 10, 4, 23	100	U+006e U+0024
n:	nː	lo'kʌn:ʌn:ʌ, 'in:a	91	6	U+006e U+003a
nh	nʰ	inherəp, nəkinhamra	477, 228, 162, 113, 1138, 1168, 149, 123, 1116, 453, 1229, 1009, 1334, 1396	24	U+006e U+0068
nh$	nʰ	o nean mes or paraonh	398	1	U+006e U+0068 U+0024
nn	nː	nennahhu, tinna	349, 470, 347, 71, 4, 1395, 346, 38, 244, 383, 79, 165, 858, 504, 364, 65, 1459, 243, 97, 149, 1166, 464, 77, 120, 1346, 388, 352	59	U+006e U+006e
nn$	nː	pônan-n, sókunn	1480, 343	2	U+006e U+006e U+0024
ns	n s	xansxansan, xansxansen	484, 457, 794, 126, 179, 1356, 178, 1293, 1034, 165, 1333, 1244, 1346, 342, 82, 1128, 456, 387, 463, 1389, 1288, 476, 1108, 65, 1398, 644, 1342, 798, 40, 73, 1254, 1049, 57, 1166, 470, 1217, 453, 1421, 385, 923	71	U+006e U+0073
ns$	n s	wanswans, nukuns-	1247, 30, 1244, 484, 457, 179, 459	7	U+006e U+0073 U+0024
nsw	n sʷ	wanswans, qanswoi	30, 484	2	U+006e U+0073 U+0077
nw	nʷ	wenwen, na-munwai	646, 149, 322, 1401, 1032, 25, 1292, 484, 56, 1111, 1316, 460, 1229, 1107, 1285, 1395, 1049, 1387, 123, 1139, 501, 1217, 453, 1346	30	U+006e U+0077
nwnw$	nːʷ	ewenwnw	387	1	U+006e U+0077 U+006e U+0077 U+0024
n|	n +	naan|afu, ien|pəŋ	7, 87, 149, 179, 477, 476, 228, 113, 91, 93, 99, 223, 222, 69, 117	24	U+006e U+007c
n|h	n + h	in|hat	149	1	U+006e U+007c U+0068
n|w	n + w	in|wai	149	1	U+006e U+007c U+0077
nʃ	n ʃ	na-ᵑgunʃu-n	1401	1	U+006e U+0283
nˀ	nˀ	unˀun, βinˀi-k	1072, 1077, 1108, 1019	4	U+006e U+02c0
n̄	n̄/n	l|an̄i, run̄g	377, 113	8	U+006e U+0304
n̈	n̈/nʰ	ne-n̈penloŋ	1009	1	U+006e U+0308
n̥	n̥	-an̥təp	1083	1	U+006e U+0325
n̩$	n̩	-faratn̩	1313	1	U+006e U+0329 U+0024
n̼	n̼	-n̼an̼ah, na-n̼as	1285	10	U+006e U+033c
ⁿr	ⁿr	onⁿrsiː, onⁿrluog	1378, 1382, 1384, 1380, 1217, 1048, 1506, 1502	21	U+006e U+207f
o	o	tororona, to totogo	4, 7	100	U+006f
o$	o	vo, bo	4, 24, 11, 23, 25, 10, 7, 21, 19	100	U+006f U+0024
o:	oː	’o:t̪, go:wi	1479, 923, 1501, 1505, 1485, 1512, 1492, 1499, 1489, 1484, 1514, 1507, 1500, 1495, 1511, 1513, 1498, 1502, 1114, 1504, 1508, 1497	55	U+006f U+003a
o:$	oː	no:, ⁿdo:	1505, 1484, 1485, 1492, 1512, 1511, 1501, 1489	32	U+006f U+003a U+0024
oo	oː	hoou, kootou	77, 212, 187, 246, 4, 76, 128, 85, 108, 242, 58, 235, 37, 223, 38, 243, 66, 25, 217, 245, 238, 244, 155, 64, 196, 149, 79, 210	100	U+006f U+006f
oo$	oː	poo, too	217, 108, 187, 76, 229, 235, 259, 64, 242, 244, 155, 206, 243, 4, 79, 210, 58, 253, 245, 338, 281, 85, 247, 38, 238, 258, 246, 66, 128, 11, 336, 239, 142, 219, 223, 264, 342, 337, 212	100	U+006f U+006f U+0024
o|	o +	lago|na, lo|ko	222, 476, 94, 219, 178, 459, 135, 30, 471, 25, 68, 484, 227, 72, 463, 23, 223, 132, 66, 4, 146, 196, 57, 52, 129, 106, 220, 470, 120, 96	50	U+006f U+007c
ʰn	ʰn	xʰoʰn a n, xoʰme	1489, 1513, 1514, 1498	8	U+006f U+02b0
ʰm	ʰm
oˀ	o ʔ	loˀuloˀu, poˀa-ku	1072, 1114, 1108, 1019	6	U+006f U+02c0
oˀ$	o ʔ	mʷoˀ	1077	1	U+006f U+02c0 U+0024
oˁ	o ʕ	tu·ptoˁo, soˁu	1015	2	U+006f U+02c1
oˁ$	o ʕ	noˁ	1049	1	U+006f U+02c1 U+0024
oː	oː	nⁿroːsu-n, moːmoː	1382, 1384, 1374, 1383, 1378, 1377, 1387, 1380, 1375, 1386	16	U+006f U+02d0
oː$	oː	moːmoː, hoː	1375, 1383, 1389	6	U+006f U+02d0 U+0024
o̊	o̥/o	ro̊-na	1360	1	U+006f U+030a
ᵐp	ⁿp	loᵐpoloᵐpo, iⁿdoᵐbⁿdoᵐb	354, 1006, 1117, 1247, 1033, 1007, 1292, 1128, 1411, 1246, 353, 1316, 1288, 1100, 1285, 1505, 1314, 1319, 1229, 1009, 1145, 1026, 1504, 1286, 357, 1080, 1244, 1321, 1396, 1489, 1230, 352	64	U+006f U+1d50
ᵑk	ⁿk	nu-soᵑksoᵑk, ni-soᵑkusoᵑk	1254, 1117, 1217, 1006, 1007, 1244, 1056, 1398, 354, 1247, 1238, 1075, 353	29	U+006f U+1d51
ⁿḍ	ⁿɖ	ⁿdoⁿdo, ⁿḍoⁿḍo	1048, 1068, 1056, 1080, 1116, 1244, 1011, 1007, 1292, 1512, 1111, 1084, 1077, 1412, 1293, 1107, 1042, 1145, 1101, 1006, 357, 1254, 1238, 1401	32	U+006f U+207f
p	p	apegalo, vaipopore	4, 10, 30, 23, 25, 21, 7, 26, 19, 37	100	U+0070
p$	p	ap, kopkop	74, 71, 67, 30, 56, 76, 65, 39, 46, 23, 49, 25, 10, 77, 7, 40	100	U+0070 U+0024
p:	pː	lɨkap:ɨʃej	923	1	U+0070 U+003a
ph	pʰ	pɔphɔma, ni-phoec	574, 1480, 21, 376, 453, 1180, 1229, 580, 212	13	U+0070 U+0068
pp	pː	kappeh, ippoel	71, 1180, 366, 336, 149, 79	9	U+0070 U+0070
ps	p s	sopsop, kapsu	798, 1395, 285, 139, 1180, 25, 1292, 1138, 1065, 56, 364, 477, 476, 1026, 1342, 1049, 696, 1391, 123, 106, 1335	28	U+0070 U+0073
ps$	p s	kaps, pəps	139	2	U+0070 U+0073 U+0024
pw	pʷ	pwopwoŋa, kapwa	179, 162, 923, 516, 159, 477, 556, 228, 501, 558, 1355, 567, 646, 356, 576, 794, 349, 1426, 643, 30, 404, 463, 219, 23, 1425, 645, 65, 97, 644, 798, 1369, 641, 94, 376, 355, 584	100	U+0070 U+0077
pw$	pʷ	napw, kapw	179, 228, 794, 162, 477, 923	11	U+0070 U+0077 U+0024
p|	p +	inɣop|θa, nəmop|tana	228, 162, 477, 132, 149, 108	6	U+0070 U+007c
pʰ	pʰ	t̪apʰmi, -rupʰipmɪs	1500, 1318, 502	3	U+0070 U+02b0
pʰ$	pʰ	ni-aᵐpʰ	1229	1	U+0070 U+02b0 U+0024
pʷ	pʷ	na-kpʷaɣkpʷaɣ, napʷalaŋ	376, 71, 1032, 1065, 336, 1103, 476, 1086, 1083, 19, 504, 1077, 1072, 1019, 349, 96, 1036, 1026, 73, 337, 502, 1007, 343, 354, 74, 1088, 1015, 168, 342, 356	100	U+0070 U+02b7
pʷ$	pʷ	wuupʷ, ɣa-ɣaraᵏpʷ	349, 336, 376, 1134, 342, 1065	12	U+0070 U+02b7 U+0024
p˺$	p˺/p	ha-map˺, ᵐbaraŋap˺	1238, 1237, 1244, 1251, 1254	14	U+0070 U+02fa U+0024
p̃	p̃/p	nap̃o, nap̃at	149, 103, 1000, 322	23	U+0070 U+0303
p̃$	p̃/p	injap̃, atop̃	149, 322	9	U+0070 U+0303 U+0024
p̃p̃	p̃p̃/pː	nop̃p̃a	149	1	U+0070 U+0303 U+0070 U+0303
p̈	p̈/p	op̈o, lip̈ox	1169, 1125, 1009, 1027	18	U+0070 U+0308
p̈$	p̈/p	-sop̈, ti-lanp̈	1169, 1009	9	U+0070 U+0308 U+0024
p̈p̈	p̈p̈/pː	rap̈-p̈ati	1125	1	U+0070 U+0308 U+0070 U+0308
q	q	hiqohiqo, roquroqu	77, 117, 182, 473, 363, 508, 11, 30, 97, 196, 25, 509, 58, 159, 453	100	U+0071
q$	q	woq, uq	77, 30, 453, 182, 97, 1244	45	U+0071 U+0024
qw	qʷ	baca ni qwele	512	1	U+0071 U+0077
r	r	dredre, drōdrō-va	4, 11, 19, 10	100	U+0072
r$	r	jirjir, ur	65, 77, 39, 25, 74, 97, 30, 69, 96, 82, 46, 23, 49, 93, 56, 67, 10	100	U+0072 U+0024
rh	rʰ	perhangarhang, nerhɪn	1188, 1180, 69, 477, 1285, 1387, 178, 1072	28	U+0072 U+0068
rh$	rʰ	mahaŋorh, masaŋarh	1387	2	U+0072 U+0068 U+0024
rr	rː	dirraq, nedekna|rran	459, 465, 1364, 30, 97, 1333, 1382, 1356, 77, 349, 1212, 79	63	U+0072 U+0072
rr$	rː	lekhtarr, ngarr	459	13	U+0072 U+0072 U+0024
rs	r s	barsan, karsim	1084, 1288, 178, 459, 1398, 230, 1049, 126, 643, 470, 1340, 1247, 1292, 1411, 1246, 1316, 364, 1056, 645, 1100, 647, 139, 1108, 1145, 1404, 1285, 644, 1342, 1006, 1387, 1384, 106, 1151, 1167, 1378, 1314, 1421, 385, 1011	51	U+0072 U+0073
rs$	r s	hɛ-ᵑgars-, ᵑgors-	1237, 1238, 1251, 1230, 182	5	U+0072 U+0073 U+0024
rsw	r sʷ	srswir	1364	1	U+0072 U+0073 U+0077
rw	rʷ	doburwai, porwan	464, 69, 65, 1341, 1138, 366, 484, 1251, 456, 463, 995, 1364, 364, 1358, 459, 1075, 647, 1107, 1153, 344, 798, 1395, 1049, 1382, 77, 1238, 1396	31	U+0072 U+0077
r|	r +	laur|teh, a|ar|a	87, 106, 225, 99, 149, 98, 476, 126	9	U+0072 U+007c
r|s	r + s	pur|su-	74	1	U+0072 U+007c U+0073
r|w	r + w	der|won	69	1	U+0072 U+007c U+0077
rʃ	r ʃ	’i rʃa t̪’eane, sirʃu:	1501, 1492, 1512, 1504, 1511, 1498, 1484	50	U+0072 U+0283
rʷ	rʷ	-tirʷi-, tirʷi-	344	2	U+0072 U+02b7
rʷ$	rʷ	majirʷ	344	1	U+0072 U+02b7 U+0024
rˁ	rˤ	ˁarˁar	1049	1	U+0072 U+02c1
ˤ	ʕ
r̃	r̃/r	var̃a, pamir̃i	67, 1048, 1188, 1511, 1492, 1501, 1485, 1512, 1484, 56, 30, 1489, 1504	91	U+0072 U+0303
r̃$	r̃/r	yir̃, ukúr̃	67, 30, 1049	13	U+0072 U+0303 U+0024
r̃w	r̃w/rʷ	sir̃wá	67	1	U+0072 U+0303 U+0077
r̃|w	r̃/r + w	mur̃|wuk	56	1	U+0072 U+0303 U+007c U+0077
r̊	r̥	i-r̊oβ, war̊a	1358	2	U+0072 U+030a
r̥	r̥	tar̥ol	1139	1	U+0072 U+0325
s	s	marasina rosé, gesagesaga	4, 25, 10, 7, 11, 24, 23, 21	100	U+0073
s$	s	sus, las	49, 25, 30, 46, 56, 10, 7, 65, 39, 23	100	U+0073 U+0024
sh	sʰ	-mʷashú-, ishaisha	347, 156, 338, 196, 1350, 1138, 1180	30	U+0073 U+0068
sh$	sʰ	ghiish, flesh	338, 1333	8	U+0073 U+0068 U+0024
ss	sː	tassa, busse-n	165, 1134, 1244, 366, 1380	10	U+0073 U+0073
ss$	sː	miss	1180	1	U+0073 U+0073 U+0024
sw	sʷ	weswes, wuswusine	1230, 641, 230, 1088, 25, 470, 1172, 1000, 457, 456, 93, 1396, 322, 387	15	U+0073 U+0077
s|	s +	ʔalas|ia, i|as|bun	222, 219	2	U+0073 U+007c
s̊	s̥/s	i-s̊ar	1358	1	U+0073 U+030a
t	t	tamata, gata	11, 4, 7, 10	100	U+0074
t$	t	tut, ut	10, 30, 49, 46, 25, 7, 39, 23, 24	100	U+0074 U+0024
t:	tː	fit:o, at:ɨf	923	3	U+0074 U+003a
th	tʰ	glathi, nathatha-ña	37, 367, 555, 1180, 574, 580, 99, 501, 77, 375, 212, 21, 196, 149, 1138, 553, 344, 376, 563, 471	89	U+0074 U+0068
th$	tʰ	geth, manith	77, 196, 1180	25	U+0074 U+0068 U+0024
thth	tːʰ	paththil	1180	1	U+0074 U+0068 U+0074 U+0068
ts	ts	tsitsi, -mtsiltsil	641, 465, 4, 393, 87, 141, 377, 225, 97, 139, 322, 98, 470, 386, 126, 89	100	U+0074 U+0073
ts$	ts	pots, its	141, 139, 225, 647, 377, 182	50	U+0074 U+0073 U+0024
tsh	tsʰ	otshi	156	1	U+0074 U+0073 U+0068
tt	tː	mette, -kéttú	349, 347, 230, 344, 165, 338, 336, 72, 244, 71, 1350, 38, 49, 1387, 1212, 571, 639, 1180, 337, 1125	40	U+0074 U+0074
tt$	tː	-mett, na-vʉltt	347, 1254, 338	3	U+0074 U+0074 U+0024
tw	tʷ	βɒtwari, nɒtwa	376, 502, 65, 123, 230, 344, 25, 1019, 1032, 1168, 126, 1246	16	U+0074 U+0077
t|	t +	mat|aŋi, kat|ar	162, 118, 7, 87, 40, 136	6	U+0074 U+007c
tʰ	tʰ	lʌətʰemǣ, ɣaɣatʰo	502, 21	12	U+0074 U+02b0
tʰ$	tʰ	ᵐbʷatʰ-, hɛ-ᵐbʷatʰ-	1237, 1229, 1288	4	U+0074 U+02b0 U+0024
tʳ	tʳ	atʳis, tʳitʳim	1072, 1019, 1153, 1172, 1134, 1009, 1108	14	U+0074 U+02b3
tʳ$	tʳ	ɣahatʳ, ɣa-mehetʳ	1019	2	U+0074 U+02b3 U+0024
tˢ	ts	matˢi, rotˢo	1006, 1101, 1084, 1027, 1114, 1010, 1056, 1036, 1015, 1113, 1034, 1072, 1108, 1049, 1009, 1100, 1042	100	U+0074 U+02e2
tˢ$	ts	mantˢ, -ɣətˢ	1034, 1056, 1006, 1151, 1009, 1010	17	U+0074 U+02e2 U+0024
t˺$	t˺/t	nɛ-vat˺, kœⁿdat˺	1246, 1238, 1237, 1244, 1254	8	U+0074 U+02fa U+0024
t̊	t̥/t	bit̊i	1358	1	U+0074 U+030a
t̪	t̪	ɣʷat̪in, kat̪’apa	1503, 1497, 1502, 1499, 1489, 1500, 1495, 1492, 1485, 1501, 1484, 1498, 1491	100	U+0074 U+032a
t̪$	t̪	ⁿdit̪, ’o:t̪	1507, 1503, 1513, 1508, 1499, 1502, 1500, 1497, 1498, 1495, 1506, 1489	100	U+0074 U+032a U+0024
t͡s	ts	-kʊt͡skʊt͡s, -kʊt͡sɪn	1293, 1318, 1244, 1309, 1286, 1421, 1404, 1246, 1288, 1325	33	U+0074 U+0361 U+0073
t͡s$	ts	nɪ-mat͡s, na-ɣaⁿt͡s-	1293, 1318, 1286, 1404, 1316, 1244, 1309, 1313, 1292, 1325, 1254, 1421	36	U+0074 U+0361 U+0073 U+0024
t͡sʰ	tsʰ	nat͡sʰɪt	1313	1	U+0074 U+0361 U+0073 U+02b0
t͡ʃ	tʃ	mat͡ʃo, but͡ʃi-n	1246, 1247	11	U+0074 U+0361 U+0283
t͡ʃ$	tʃ	t͡ʃurɛt͡ʃ, -t͡ʃɛt͡ʃ	1246, 1247	13	U+0074 U+0361 U+0283 U+0024
tⁿ$	tⁿ	raːtⁿ, ratⁿ	1237, 1238	2	U+0074 U+207f U+0024
u	u	kukubuna, bubuna	4, 7	100	U+0075
u$	u	pau, meu	10, 4, 7, 11	100	U+0075 U+0024
u:	uː	pu:˥, pu:˧	1479, 1512, 923, 1491	8	U+0075 U+003a
u:$	uː	sirʃu:, moa sirʃu:	1504, 7, 1511, 1501, 923, 1492	6	U+0075 U+003a U+0024
uu	uː	tuugia, puughuu	77, 76, 108, 223, 212, 128, 242, 229, 235, 37, 246, 66, 79, 245, 336, 152, 162, 4, 64, 165, 85, 38, 159, 178, 238, 244, 155, 206, 243, 97, 156, 94	100	U+0075 U+0075
uu$	uː	tuu, suu	187, 4, 79, 217, 245, 155, 108, 242, 229, 235, 244, 128, 85, 38, 223, 246, 64, 58, 19, 179, 37, 238, 76, 210, 120, 165, 239, 243, 66, 40, 94, 212	100	U+0075 U+0075 U+0024
u|	u +	sisiru|n, ku|af	165, 222, 94, 225, 99, 219, 85, 113, 477, 69, 91, 120, 68, 103, 148, 227, 108, 182, 142, 37, 475, 159, 87, 223, 121, 40, 73, 57, 228, 129, 470, 118, 145, 30, 77, 39, 164, 234	88	U+0075 U+007c
uʰ$	uʰ/u	-vuʰ, ti-ɣavuʰ	1319, 1293, 1401	5	U+0075 U+02b0 U+0024
uʷ	u ʷ/w	pia-k waruʷúŋ	39	1	U+0075 U+02b7
uˀ	u ʔ	ruˀupʷopo, muˀi	1072, 1015, 1166, 1077, 1114, 1108, 1010	10	U+0075 U+02c0
uˀ$	u ʔ	wuˀ	1077	1	U+0075 U+02c0 U+0024
uˀ	u ʔ	ᵏpʷuˀᵏpʷuˀo	1077	1	U+0075 U+02c0 U+1d4f
uˁ	u ʕ	muˁi	1015	1	U+0075 U+02c1
uː	uː	guːt, buːl	1386, 1389, 1384, 1387, 1383, 1378, 1375, 1374, 1382, 1377, 1380	44	U+0075 U+02d0
uː$	uː	njuː, muː	1384, 1386, 1380	3	U+0075 U+02d0 U+0024
uˑ$	uˑ	hi-tusuˑ	1244	1	U+0075 U+02d1 U+0024
u͂$	ũ	nu͂	1309	1	U+0075 U+0342 U+0024
v	v	severasevera, livaliva	11, 25, 24, 4, 26, 37, 21, 30, 19	100	U+0076
v$	v	av, riv	646, 645, 459, 484, 457, 475, 644, 1286, 149, 25, 1246, 1309, 285, 1288, 477, 162, 384, 145, 1244, 1238, 242, 1293, 139, 392, 1254, 228, 1247, 225, 1313, 556	100	U+0076 U+0024
vh	vʰ	nəmwanvhaal, ivhinanian	228, 162, 1396, 1334, 1404	8	U+0076 U+0068
vh$	vʰ	elŋaavh	228	1	U+0076 U+0068 U+0024
vs	v s	nɛ-tɛvsi, nɪ-vsevin	1316, 1230, 1292, 1251, 1325, 1398, 1237, 456, 1411, 463, 1288, 460, 477, 645, 1318, 465, 1404, 1286, 228, 1313	28	U+0076 U+0073
vs$	v s	ndəvs, -rivs-	1247, 139	2	U+0076 U+0073 U+0024
vw	ʷ	vwivwu, uvwi	1480, 645, 113, 484, 460, 367, 453	28	U+0076 U+0077
v|	v +	av|aih, yakav|isa	146, 225	2	U+0076 U+007c
v|s	v + s	iv|sak	456	1	U+0076 U+007c U+0073
vʃ	v ʃ	ᵐbarovʃu-ŋk, ko-vʃani	1401	2	U+0076 U+0283
vʷ	vʷ	ho-vʷoi, a-bunvʷi	1229, 1396, 1421, 1398, 1313, 1254, 1314, 1401, 1237, 1251, 1411, 1404	23	U+0076 U+02b7
vʷ$	vʷ	nɛ-ləvʷ-	1230	1	U+0076 U+02b7 U+0024
v̈	v̈/vʱ	v̈anv̈ano, ev̈iev̈i	1169, 1125, 1027, 1068, 1009	25	U+0076 U+0308
v̈$	v̈/vʱ	nə-huɣav̈, iæniev̈	1068, 1077, 1009, 1169	5	U+0076 U+0308 U+0024
w	w	tina ni viritālawalawa, iwón	25, 39, 11, 24, 23, 40, 30, 10, 7, 19, 38	100	U+0077
w$	w	n'uw, maw	77, 72, 96, 69, 97, 73, 336, 98, 121, 145, 99, 179, 67, 25, 207, 93, 132, 162, 49, 196, 106, 220, 30, 164	100	U+0077 U+0024
wh	wʱ	elawhich, whaiwhai	85, 1180	6	U+0077 U+0068
ws	w s	mawsur, sewsew	1111, 1180, 342, 69, 132	5	U+0077 U+0073
w|	w +	vanaw|ala, kaw|asa	106, 219	2	U+0077 U+007c
w̥	w̥	nu-w̥an	1083, 1139	2	U+0077 U+0325
x	x	mətoxtoxon, axaxana	121, 76, 457, 196, 148, 212, 19, 120, 357, 352, 359, 146, 116, 132, 57, 139	100	U+0078
x$	x	-sax, iox	1217, 1009, 1244, 1286, 1145, 1254, 1246, 1169, 1247, 1285, 1288, 1034, 121, 1251, 1292, 384, 392	100	U+0078 U+0024
xs	x s	wutwutt͡sarvaxsoɣo, na-xsa-	1412, 1292, 1246, 1217	4	U+0078 U+0073
xw	xʷ	-taxwari, ɳoxwano	1325, 1286, 19	4	U+0078 U+0077
xʰ	xʰ	ni xʰot̪’a n, a voa xʰaɲip	1507, 1500, 1512, 1495	9	U+0078 U+02b0
xʷ	xʷ	naᵑgaxʷane, manaxʷo	1217, 19	3	U+0078 U+02b7
xᵐ	xⁿ	saxᵐbuɣut	1254	1	U+0078 U+1d50
y	y/j	waya, fyabai	30, 10, 23, 56, 40, 39, 46, 11, 49, 7, 19	100	U+0079
iy$	iy/i	iy, wey	77, 73, 72, 338, 336, 96, 67, 230, 69, 49, 74, 11, 23, 7, 76, 132, 38	100	U+0079 U+0024
ey	ey/ei
yy	yy/jː	yiyyaļ	344	1	U+0079 U+0079
^kyy$	yː	kyy, oxyy	471	2	U+0079 U+0079 U+0024
^oxyy	o x yː
ay|	ay/ai +	may|as	93	1	U+0079 U+007c
z	z	dzi, dziridzir	7, 141, 191, 4, 117, 23, 54, 99, 196, 21, 231, 140, 182, 139, 234, 168, 87, 363	100	U+007a
z$	z	-maranz, moz	7, 385, 401, 645, 141, 1358, 1316, 1238, 1359, 1247, 1288, 644, 1412, 1254, 1318, 196	45	U+007a U+0024
zh	zʰ	tazhi	1343	1	U+007a U+0068
zw	zʷ	-wazwasi	1237	1	U+007a U+0077
z|	z +	yaz|é, kekaz|é	7	2	U+007a U+007c
¥	NULL	m¥el	1334	2	U+00a5
©$	NULL	mwelesÌ©	1393	1	U+00a9 U+0024
°w	w	°°wowɵ	639	1	U+00b0 U+0077
·	+	ma·na, ma·li	1075, 1031, 1138, 1103, 1083, 1033, 1007, 530, 1131, 1114, 1144, 1107, 1151, 1113, 1026, 1015, 1049, 1116, 1174	56	U+00b7
·$	NULL	lo·, mɔ·	1113, 1166, 1131, 1075, 1107, 1026, 1117, 1128, 1077, 1138, 1169, 1011	19	U+00b7 U+0024
·h	+ h	ha·ha·ni	1138	1	U+00b7 U+0068
·s	+ s	so·sorə, sa·sa·	1174, 1131, 1049, 1086, 1011	6	U+00b7 U+0073
·s$	+ s	nata·s	1083	1	U+00b7 U+0073 U+0024
·w	+ w	a·wu	1138	1	U+00b7 U+0077
¸	NULL	nä˧-pwé˥ré¸tö˧tù˧	1479	1	U+00b8
Ì	ɪ	mwelesÌ©	1393	1	U+00cc
ß	β	neßyl ßaraßar, nɛ-lɛŋ-ßayßay	376, 453, 669	38	U+00df
ßw	βʷ	ßwaraßwar, ʔajßwut	453	2	U+00df U+0077
à	ʔ à/a	laàkau, gaàkau	334, 58, 258, 49, 38, 210, 363, 206, 11, 91, 7, 238	56	U+00e0
à$	ʔ à/a	vaà, uà	206, 38, 58, 258, 210, 238, 334	34	U+00e0 U+0024
àh	ʔ à/a h	kaàhu	38	1	U+00e0 U+0068
às	ʔ à/a s	mi-àsa	11	1	U+00e0 U+0073
á	á/a	piáhiáhi, dazán	7, 24, 23, 10, 39, 38, 49	100	U+00e1
á$	á/a	má, auná	67, 336, 23, 24, 349, 10, 264, 7, 220, 343, 338, 346, 39, 49, 387	64	U+00e1 U+0024
á:	áː/a	zá:en	7	1	U+00e1 U+003a
á|	á/a +	yá|kas, owá|ni	23, 7	3	U+00e1 U+007c
áá	á/a á/a	ráá-n, lááŋ	336, 338, 349, 343	57	U+00e1 U+00e1
áá$	á/a á/a	ráá, máá-	338, 349, 336, 343	10	U+00e1 U+00e1 U+0024
â	â/a	kâlâp, a˧ra˧nâ˩-râ˩	1480, 1479, 501, 76, 1369, 1188, 212, 264, 334	81	U+00e2
â$	â/a	tâlâ, momâlâ	501, 1369, 1188, 76, 1479, 1480, 502	37	U+00e2 U+0024
â:	âː/aː	nâ:˧, tâ:˧ bo:˧	1479	7	U+00e2 U+003a
â:$	âː/aː	nâ:	1479	1	U+00e2 U+003a U+0024
ââh	â/a â/a h	hââhuuk	76	1	U+00e2 U+0068
âw	â/a w	dâwââ, gâwââ	501	2	U+00e2 U+0077
ââ	â/a â/a	pânâât, hââyai	1480, 76, 1369, 501	20	U+00e2 U+00e2
ââ$	â/a â/a	wââ, a-kââ	501, 1369	12	U+00e2 U+00e2 U+0024
ã	ã	mã e, cãmi	19, 1492, 1511, 1485, 1489, 1499, 1504, 1506, 1512, 1501, 1500, 1495, 1491, 1502, 1507, 69, 1404, 121, 1503, 1513, 57, 1508, 220, 1497, 212, 1484	68	U+00e3
ã$	ã	nu-ã, -mã	19, 57, 1504, 1492, 1485, 504, 1489, 1309, 1404, 1484, 1512, 1319, 1511, 1313, 1318, 1498, 1501	43	U+00e3 U+0024
ãã	ãː	wããt	121	1	U+00e3 U+00e3
ãã$	ãː	mãã, tãã	19	6	U+00e3 U+00e3 U+0024
ä	ä/æ	mä˧rä˧wä˧, fäqän	1479, 501, 116, 77, 120	96	U+00e4
ä$	ä/æ	ngä, nabulä	501, 1489, 235	35	U+00e4 U+0024
ä:	äː/æː	i˧pwä:˧	1479	1	U+00e4 U+003a
äs	ä/æ s	lägäsi	501	1	U+00e4 U+0073
ä|	ä/æ +	pä|pæn	120	1	U+00e4 U+007c
ää	ää/æː	näängä, lääpoli	501	5	U+00e4 U+00e4
ää$	ää/æː	kälää, liää	501	4	U+00e4 U+00e4 U+0024
aå|	a å/a +	aå|n	97	1	U+00e5 U+007c
æ	æ	mækæβænɛ, mælæɣlæɣ	696, 120, 504, 65, 471, 346, 502, 476, 1007, 923, 91, 1019	100	U+00e6
æ$	æ	mæ, tæ	346, 504, 1168, 65, 923, 1107, 502, 696, 471, 1026, 1131, 1139, 1172, 1153, 120, 1033	70	U+00e6 U+0024
æ:	æː	ræ:n, mæ:r	923	11	U+00e6 U+003a
æ:$	æː	jæ:, fæ:-	923	2	U+00e6 U+003a U+0024
ææ	æː	hmææk, thabyŋ ta vææt	471	3	U+00e6 U+00e6
ç	ç	mɛtɨçɛ, mɛ̃çee	19	2	U+00e7
èe	è/e	vèevèe, puèu	38, 1479, 1188, 58, 258, 334, 239, 210	39	U+00e8
è$	è/e	gè, awè	1188, 99, 210	34	U+00e8 U+0024
è:	èː/eː	è˧ gè:˧	1479	1	U+00e8 U+003a
ès	è/e s	mèsâ	1188	1	U+00e8 U+0073
èw	è/e w	sanèwai, pèwâ	145, 1188	2	U+00e8 U+0077
é	é/e	réyréy, piyépéy	344, 7, 67, 182, 336, 337, 338, 343, 24, 23, 49, 74, 264, 39, 10, 142	100	U+00e9
é$	é/e	ir̃ié, -yé	67, 7, 349, 336, 38, 337, 24, 264, 1479, 235, 23, 343, 338, 363, 10, 182	82	U+00e9 U+0024
é:	éː/eː	a˧cé:˧, dé˧dé:˧	1479	2	U+00e9 U+003a
éh	é/e h	féhu-uw	336	1	U+00e9 U+0068
és	é/e s	mésivi, mwaliyésan	363, 646	2	U+00e9 U+0073
és$	é/e s	kanés	67	1	U+00e9 U+0073 U+0024
éw	é/e w	lém-ŋéwil, féwú-	349, 344, 336, 346	10	U+00e9 U+0077
éw$	é/e w	-ŋé-réw, yawyéw	344, 349, 338	8	U+00e9 U+0077 U+0024
éé	éé/eː	yéél, féé-ti-	349, 336, 347, 338, 343, 337	39	U+00e9 U+00e9
éé$	éé/eː	téé-, péé-	347, 349, 338, 336, 343, 798	25	U+00e9 U+00e9 U+0024
ê	ê/e	têlê-àc, -mlêtlêt	334, 643, 644, 212, 343, 76	100	U+00ea
ê$	ê/e	aê, -sê	643, 644, 334, 645	100	U+00ea U+0024
ê:	êː/eː	mê:˧, â˥râ˥po˧ro˧mê:˩	1479	3	U+00ea U+003a
ê:$	êː/eː	-nênê:, nänê:	1479	2	U+00ea U+003a U+0024
êh	ê/e h	sêhliê-	645	1	U+00ea U+0068
êh$	ê/e h	naŋêh	645	1	U+00ea U+0068 U+0024
ês	ê/e s	ŋa-lêsi, bwêsêl	334, 643	4	U+00ea U+0073
ês$	ê/e s	nangês, bês	644, 643	6	U+00ea U+0073 U+0024
êw	ê/e w	lêwô-, lêwru	644	2	U+00ea U+0077
êw$	ê/e w	lêw	644	1	U+00ea U+0077 U+0024
êê	êê/eː	mwêêde-, thêên	1480, 212	2	U+00ea U+00ea
ë	ë/ə	wë˧rë˧, bë˧rë˧ da˧	1479, 196, 77, 1511, 1369, 1492, 1485, 349	65	U+00eb
ë$	ë/ə	e gamë, rʃë	196, 1369, 1188, 1511, 1492, 1479, 1485, 1504, 1501, 1489	56	U+00eb U+0024
ësh	ë/ə sʰ	eëshë	196	1	U+00eb U+0073 U+0068
ëë	ëë/əː	chëënmwongo	349	1	U+00eb U+00eb
ì	ì/i	tamaìtiìti, paìaà	58, 206, 156, 264, 363, 238, 239, 210	20	U+00ec
ì$	ì	tuì, kuì	38, 58, 238, 99, 258, 264, 206, 210	33	U+00ec U+0024
ìì$	ìì/iː	kamaìì, makaìì	38	2	U+00ec U+00ec U+0024
í	í/i	mwatíkalo, kaío	67, 346, 162, 7, 39, 24, 646, 363, 10, 364, 1479, 228, 220, 23, 146, 49, 1491	85	U+00ed
í$	í/i	funí, lutí	7, 67, 23, 10, 24, 39, 363, 1501, 38	49	U+00ed U+0024
î	î/i	thînîe, pi˥nyî˥rî˥	1479, 1369, 1480, 76, 264	29	U+00ee
î$	î/i	hî, dïïkwîrî	1480, 76, 1369, 1188, 1479, 264	14	U+00ee U+0024
î:	î:/iː	nî:˩mî˩-rî˩, do˧mî:˧	1479	3	U+00ee U+003a
îî	îî/iː	wîîmi, kîîla-	1480, 1369, 76	7	U+00ee U+00ee
îî$	îî/iː	cîî-	76	1	U+00ee U+00ee U+0024
ï	ï/ɪ	nggïlenggïle, kwaïn	367, 106	25	U+00ef
ï$	ï	kaivï, njighï	367, 106	23	U+00ef U+0024
ïs$	ï/ɪ s	miaïs, pnaïs	106	2	U+00ef U+0073 U+0024
ïw	ï/ɪ w	wathïwole	367	1	U+00ef U+0077
ïï	ïï/ɪː	dïïkwîrî, yewerïï-re	1369	2	U+00ef U+00ef
ð	ð	aðeaðe, tahaðe	563, 1217, 1049, 1314, 230, 1084, 1006, 1238, 561, 1009, 1174, 471	100	U+00f0
ð$	ð	nu-huwað, ɣirið	230, 1314, 1006, 1335, 1412, 1049, 1238, 1254	37	U+00f0 U+0024
ðh	ðʰ	ɣœðhɛri	230	1	U+00f0 U+0068
ðð	ðː	βɒraðði, aðði βar	230	2	U+00f0 U+00f0
ðʰ	ðʰ	-nanaðʰa	1314	1	U+00f0 U+02b0
ð̼̼	ð̼̼	-soð̼̼itan, na-ð̼̼at	1285	6	U+00f0 U+033c U+033c
ð̼̼$	ð̼̼	-lutoð̼̼, xarið̼̼	1285	2	U+00f0 U+033c U+033c U+0024
ñ	ɲ	uñoŋoñi-ᵑgu, vouᵐba-miñia	354, 196, 57, 352, 93, 353, 149, 49, 212, 46, 73, 96, 19, 72, 30, 37, 132, 71, 146	100	U+00f1
ñ$	ɲ	tañ, asañ	30, 1394, 149, 471, 196, 212, 146	93	U+00f1 U+0024
ñw	ñw/nʷ	keñwe-n	69	1	U+00f1 U+0077
ò	ò/o	kòrikòri, ềndêŋ òndoc	49, 334, 363	11	U+00f2
ò$	ò/o	yeŋò	99	1	U+00f2 U+0024
ó	ó/o	yóleyól, shótchól	338, 67, 336, 182, 7, 346, 220, 343, 39, 10, 24, 38, 23, 146	100	U+00f3
ó$	ó/o	nnó-, pitó	67, 798, 182, 10, 49, 349, 338, 336, 363, 168, 23, 346, 343, 7, 116	46	U+00f3 U+0024
óh	ó/o h	tóhana, yóho-	336, 220	2	U+00f3 U+0068
óh$	ó/o h	yóóh	336	1	U+00f3 U+0068 U+0024
ós	ó/o s	sóósóó apyang, yóso-	220, 343, 798, 363, 182	5	U+00f3 U+0073
ós$	ó/o s	óós, opmós	67, 343, 338, 349, 10	6	U+00f3 U+0073 U+0024
ósh	ó/o sʰ	mʷósho, mó-óshoosho	347, 338	2	U+00f3 U+0073 U+0068
ósh$	ó/o sʰ	-mʷmʷó-ósh, mʷó-ósh	338	2	U+00f3 U+0073 U+0068 U+0024
ów	ó/o w	ccówú-, am-tówen	646, 336	5	U+00f3 U+0077
ów$	ó/o w	patiwów, tchów	67, 336, 343, 338	7	U+00f3 U+0077 U+0024
óó	óó/oː	móót, shóó-li-imw	336, 338, 343, 349, 347, 798	38	U+00f3 U+00f3
óó$	óó/oo	móó-, -móó-	338, 336, 349, 347	5	U+00f3 U+00f3 U+0024
ó̝	ó̝/o	omó̝ŋ	67	1	U+00f3 U+031d
ô	ô/o	tôgôr, kôk	334, 645, 643, 644, 1480, 1369, 76, 1479, 82, 264	93	U+00f4
ô$	ô/o	lô, rô-	644, 645, 334, 643, 1480, 1369, 76	45	U+00f4 U+0024
ô:	ô:/oː	nô:˧, cô:˥	1479	3	U+00f4 U+003a
ôs$	ô/o s	bôs	644	1	U+00f4 U+0073 U+0024
ôw	ô/o w	lôwal	644	1	U+00f4 U+0077
ôw$	ô/o w	marsôw	644	1	U+00f4 U+0077 U+0024
ôô	ôô/oː	tôôxë, mutrôô-re	1369	4	U+00f4 U+00f4
ôô$	ôô/oː	citri-re-gu tôô, -mzôô	644, 1369	3	U+00f4 U+00f4 U+0024
õ	õ	ɣʷiõ ni, xõ ãmone e	1501, 1484, 121, 1504, 1495, 1491, 1489	13	U+00f5
õ$	õ	haõ, êβê ɪḍḍõ	1489, 343, 196	3	U+00f5 U+0024
ö	ö/œ	thagöligölin, gö˧rö˧	196, 1479, 363, 182, 77, 349, 647, 504	75	U+00f6
ö$	ö/œ	könömsö, kavia vele sö	196, 363, 647	5	U+00f6 U+0024
ö:	ö:/œː	pwé˧ré˧tö:˩tù˩, tö:˥tù˥	1479	7	U+00f6 U+003a
öw$	ö/œ w	goenöw	77	1	U+00f6 U+0077 U+0024
ö|	ö/œ +	hneŋö|drai	196	1	U+00f6 U+007c
ø	ø	møʔølʔøl, vørɛ	696, 1485, 1484, 1504, 230, 1511, 1492, 1512, 1501, 1503, 1049, 1489, 352	63	U+00f8
ø$	ø	kasø, mø	1484, 1485, 1492, 230, 1504, 1511, 696, 1512, 1503, 1495, 1498, 1049, 1501	60	U+00f8 U+0024
øø$	øː	møø	1492, 1511	2	U+00f8 U+00f8 U+0024
ù	ù/u	bwù˧:cù˥rù˥, t̪ø ve ùrùra	1479, 363, 1484, 1485, 1188, 1489, 334, 1511, 1492	28	U+00f9
ù$	ù/u	sipù, cù	1188, 1511, 1485, 1512, 1501, 1484, 1492, 1504, 1500	22	U+00f9 U+0024
ù:	ù:/uː	tù:˧	1479	1	U+00f9 U+003a
ùù	ùù/uː	kichùùchúú	349	1	U+00f9 U+00f9
ú	ú/u	kútúkútú, wún	336, 337, 7, 67, 338, 39, 24, 220, 228, 162, 146, 38, 10	100	U+00fa
ú$	ú/u	payú-, walú-	337, 338, 336, 67, 343, 7, 38, 23, 49, 148, 10, 24	100	U+00fa U+0024
úú	úú/uː	fúús, wúún	349, 343, 336, 338, 347, 337	53	U+00fa U+00fa
úú$	úú/uː	fúú-, fúú	349, 347, 336, 343, 338, 337	38	U+00fa U+00fa U+0024
û	û/u	mûrû-re, pû˧râ˧	1369, 1479, 212, 1480, 76	34	U+00fb
û$	û/u	kûxû, pûdû	1369, 76, 1479, 1480	7	U+00fb U+0024
û:	û:/uː	nû:˥ta˥, tû:˧	1479	2	U+00fb U+003a
ü	ü/y	ɣœ-tütütün, βülüte	504, 1479, 1364, 502, 1026, 182, 1065, 1123, 1131, 1111, 1032, 1128, 1504, 77, 1369, 213, 352	57	U+00fc
ü$	ü/y	tü, mœplü	504, 502, 1364, 1504, 1128, 1123, 1049	43	U+00fc U+0024
üs	ü/y s	-küsiop, βüs amat	1032, 1128	3	U+00fc U+0073
üs$	ü/y s	süs	1111	1	U+00fc U+0073 U+0024
üw	ü/y w	gæiplüwu	502	1	U+00fc U+0077
üü	üü/yː	püümi	1369	1	U+00fc U+00fc
üü$	üü	küü, ngeebüü	1369, 349	5	U+00fc U+00fc U+0024
ā	ā/a 	tākōpāpā, tāne	58, 118, 52, 106, 49, 136, 11, 68, 26, 103, 99, 21	100	U+0101
ā$	ā/a 	tā, hā	152, 118, 11, 52, 68, 58, 116, 49, 136, 223, 103, 243, 213, 210, 106, 353, 354, 191, 159, 238, 383, 375, 234	100	U+0101 U+0024
āh	ā/a h	māhina, ʔuʔumāheʔu	1636, 52, 556, 530, 585, 136	11	U+0101 U+0068
ās	ā/a s	māsima, lāsei	118, 516, 136, 206, 11, 550, 103, 553, 532, 574, 21	14	U+0101 U+0073
ās$	ā/a s	bās, pnās	106	2	U+0101 U+0073 U+0024
āw	ā/a w	māwutu, wāwae	152, 11, 52	4	U+0101 U+0077
ă	ă/a	lătou	210	1	U+0103
č	č/tʃ	čuču-na, čiči	469, 1034, 1033, 548, 542, 1007, 576, 1026, 540, 1048, 1123, 1083, 555, 352, 139, 1006	100	U+010d
č$	č/tʃ	mœč, sɛduŋ ne ɛč	1034, 99	3	U+010d U+0024
ē	ē/e 	hēʔu, kēni	1188, 49, 152, 52, 557, 11, 576, 516, 518, 87, 585, 66, 564, 106, 118, 58, 1636, 584, 136	40	U+0113
ē$	ē/e 	nē, pē	1188, 136, 152, 566, 49, 58, 516, 576, 245, 68, 1626, 564, 549, 52, 571, 550, 1636, 565, 352	45	U+0113 U+0024
ēs	ē/e s	rēsi, lēsia	557, 49, 532	3	U+0113 U+0073
ēw	ē/e w	pēwea	152	1	U+0113 U+0077
ēē$	ēē/eː	cēē	1188	1	U+0113 U+0113 U+0024
ĕ	ĕ/e	masĕn, mĕmgokĕf	106	26	U+0115
ĕ$	ĕ/e	wesĕ	106	1	U+0115 U+0024
ĕs$	ĕ/e s	rarĕs, kanĕs	106	7	U+0115 U+0073 U+0024
ė	ė/e	ėgėg	97	1	U+0117
ė$	ė/e	eraquė, urʃaxi ė	97, 1492	2	U+0117 U+0024
Ĩ$	ɪ	xʷãĨ, nɛ̃Ĩ	19	2	U+0128 U+0024
ĩ	ĩ	mĩã, wĩi-	121, 19, 56, 1485, 1507, 1501	14	U+0129
ĩ$	ĩ	poe kãĩ, nahĩ	19, 121, 1485, 220, 1511, 57, 1492	16	U+0129 U+0024
ĩĩ$	ĩĩ/ĩː	kĩĩ, cĩĩ	19	3	U+0129 U+0129 U+0024
ī	ī/i	pī-n, sīkaʔu	1626, 152, 52, 141, 11, 58, 103, 238, 553, 1636, 223, 357, 532, 564, 239, 108	19	U+012b
ī$	ī/i	tī, kikī	152, 58, 11, 1626, 1636, 354, 213, 565, 136, 516, 566, 239, 21, 567, 476, 564, 561, 52, 118, 501, 116, 556	41	U+012b U+0024
īh	ī/i h	fīhna	553	1	U+012b U+0068
īs	ī/i s	wīsia	516	1	U+012b U+0073
ĵ	ĵ/dʒ	mɔĵa, nĵanĵu	571, 139, 535, 518, 574, 548, 542, 353, 540, 555, 357, 352	50	U+0135
ĵ$	ĵ/dʒ	nĵanĵ, kœnĵ	139	2	U+0135 U+0024
ļ	ļ/l	yiyaļéw, ļaļo	344, 148	5	U+013c
ļ$	ļ/l	heļ, yiyyaļ	344, 347	5	U+013c U+0024
ń$	ń/n	siliŋoń	7	1	U+0144 U+0024
ņ	ņ/n	mbeņo, tteņa-k	564, 344, 352	3	U+0146
ņ$	ņ/n	yeņ	344	1	U+0146 U+0024
ŋ	ŋ	aŋoaŋo, niŋa	37, 4, 23, 7, 25, 21, 49, 46, 30, 39, 40, 19	100	U+014b
ŋ$	ŋ	loŋ, louŋ	39, 30, 40, 7, 25, 49, 23	100	U+014b U+0024
ŋh	ŋʰ	naŋhu-, d̃uŋhi	477, 123, 228, 162, 453, 213, 69	9	U+014b U+0068
ŋh$	ŋʰ	aŋh, mlaŋh	228, 162	2	U+014b U+0068 U+0024
ŋs	ŋ s	masaŋsaŋ, baŋsê	1316, 1288, 645, 1292, 484, 1123, 1251, 1325, 1309, 1065, 401, 1358, 1229, 65, 74, 1342, 1336, 696, 470, 1330, 402, 1353, 1244, 225, 1313, 1396	29	U+014b U+0073
ŋw	ŋʷ	leŋwal, au aŋwi	1347, 376, 639, 696, 67, 65, 56, 123, 1389, 1377, 132, 1382, 1246	20	U+014b U+0077
ŋ|	ŋ +	doŋ|'ih, laŋ|a	79, 74, 475, 37	5	U+014b U+007c
ŋŋ	ŋː	palŋaŋŋa, yeļaŋŋey	79, 344, 82	3	U+014b U+014b
ŋʷ	ŋʷ	saŋʷul, təŋʷen	1168, 639, 1144, 1116, 1080, 1123, 1153, 1083, 1500, 1077, 1086, 1065	28	U+014b U+02b7
ŋʷ$	ŋʷ	-teŋʷ, bʷéŋʷ	344, 1111, 1153	6	U+014b U+02b7 U+0024
ŋʷ	ŋʷ	jɵŋʷᶢʟewon	639	1	U+014b U+02b7 U+1da2
ŋ̊$	ŋ̊/ŋ	ijȯŋ̊	97	1	U+014b U+030a U+0024
ŋ̣	ŋ̣	friŋ̣e, naŋ̣a-na	365	2	U+014b U+0323
ŋ̥	ŋ̊/ŋ	nəwaŋ̥ən, yaŋ̥in	1083, 1139	3	U+014b U+0325
ŋ̰	ŋ̰	toŋ̰o	102	1	U+014b U+0330
ō	ō/o	kōpū, kōtou	152, 58, 1626, 239, 11, 344, 68, 1188, 52, 136, 530, 476, 139, 377, 49, 564, 213, 1636, 584, 556	43	U+014d
ō$	ō/o	tō, pō	152, 1188, 11, 118, 136, 68, 1626, 476, 659, 564, 116, 1636, 239, 530, 354, 589, 49, 549, 52, 558, 99	42	U+014d U+0024
ōh	ō/o h	pōhaku	52	1	U+014d U+0068
ōs	ō/o s	rōsia, mōsu	564, 585, 139	3	U+014d U+0073
ŏ	ŏ/o	e- lŏana	377	1	U+014f
ŏ$	ŏ/o	malotŏ, heŏ	377	2	U+014f U+0024
œ	œ	aðœŋœn, ulœ-n	230, 502, 352, 139, 504	100	U+0153
œ$	œ	mœ, wœ	504, 352, 502, 1128, 1123, 516, 1032, 230, 696, 1026, 1111	100	U+0153 U+0024
ŕ	ŕ/r	woːŕu	1380	1	U+0155
ř	ř/r	biřiː, aře-k	1036, 1377, 1375, 1374, 1382, 1383, 1389, 1151, 1387, 1380, 1378, 56, 669	59	U+0159
řs	ř/r s	ᵐbařsin	1151	1	U+0159 U+0073
š	š/ʃ	ni-šušu-n, gišyé	1042, 19, 1396, 1006, 1401, 1350, 1319, 67, 1100	18	U+0161
š$	š/ʃ	-musmuš, fuš	1100, 1251	2	U+0161 U+0024
ũ	ũ	çɛdɛnũrũ, nũŋũ	19, 121, 97, 1484, 502	9	U+0169
ũ$	ũ	çɛdɛnũrũ, nũŋũ	19, 502, 97	7	U+0169 U+0024
ũũ$	ũ	cũũ	19	1	U+0169 U+0169 U+0024
ū	ū	mūf, māngūngū	1626, 1636, 141, 52, 58, 11, 566, 152, 553, 585, 68, 247, 239, 530, 542, 206, 555, 118, 99, 116, 532, 556	44	U+016b
ū$	ū	ʔū, tū	566, 152, 52, 118, 1636, 68, 550, 1626, 564, 58, 565, 516, 239, 354, 223, 243, 549, 558, 116, 532, 556, 11, 542, 557, 585, 64, 540, 580, 561, 156, 141, 571, 253	79	U+016b U+0024
ŭ$	ŭ	kearukŭ, matŭ	377	3	U+016d U+0024
ů	ů/u	ibůgibůgi, mai|ůr	97	11	U+016f
ů$	ů/u	iů, ȯdů	97	2	U+016f U+0024
ž	ž/ʒ	taži, kaiža	1355, 1350, 1343, 1359, 1042	9	U+017e
ƥ	ƥ/p	buɡantaƥi	1350	1	U+01a5
ǣ$	ǣ/æ	lʌətʰemǣ	502	1	U+01e3 U+0024
ǥ	ǥ/g	aǥalǥala, ḏaǥaḏaǥa	140, 82, 91, 368, 383	44	U+01e5
nǰ	nǰ/ⁿdʒ	nǰanǰarana, iⁿǰe	139, 353, 354, 1007, 355, 357, 502, 352	19	U+01f0
nǰ$	nǰ/ⁿdʒ	nǰanǰ, kœnǰ	139	2	U+01f0 U+0024
ǵ	ǵ/g	mulǵu	67	1	U+01f5
ȯ	ȯ/o	eȯkȯn, gerȯger	97	20	U+022f
ȯ$	ȯ/o	oroeȯ, ret emin erȯ	97	10	U+022f U+0024
ȯ|	ȯ/o +	rȯ|n	97	1	U+022f U+007c
Ɂ	ʔ	buaɁana	858	1	U+0241
ɐ	ɐ	nɐŋaβul iru, sɐɣam	1244	3	U+0250
ɑ	ɑ	na-ɣɑmp, ?ɑba?aba	584, 1244	2	U+0251
ɒ	ɒ	n-tɒŋ​͡mʷɒnɒ-n, ɣɒlɒl	696, 230, 504, 502, 65	99	U+0252
ɒ$	ɒ	tupolɔ?tapɒ, nœa nɒunɒ	504, 502, 696, 139	24	U+0252 U+0024
ɒ̃$	ɒ̃	nañɒ̃	504	1	U+0252 U+0303 U+0024
ɔ	ɔ	tɔʔɔni ɔia, nɔhɔkɔ tapuru	21, 87, 54, 19, 46, 71, 65, 66, 91	100	U+0254
ɔ$	ɔ	mɔrɔ, tɔ	21, 46, 19, 93, 139, 87, 54, 91, 65, 102, 66, 71	100	U+0254 U+0024
ɔ:	ɔː	ʃɔ:pwut, jɔ:s	923	3	U+0254 U+003a
ɔ:$	ɔː	wukɔ:	1108	1	U+0254 U+003a U+0024
ɔ:ˀ	ɔ ʔː	mɔ:ˀe	1108	1	U+0254 U+003a U+02c0
ɔ|	ɔ +	-fɔ|lɔŋɔ	207	1	U+0254 U+007c
ɔɔ	ɔɔ/ɔː	nɛxɔɔa, pɨlɔɔp	471, 342, 19, 476	8	U+0254 U+0254
ɔɔ$	ɔɔ/ɔː	kɔɔ, nɔɔ	19, 471, 1334, 342, 476, 65	21	U+0254 U+0254 U+0024
ɔʰ$	ɔʰ/ɔ	ni-vuɣɔʰ	1396	1	U+0254 U+02b0 U+0024
ɔ̃$	ɔ̃	nɔ̃, çɔ̃	19	3	U+0254 U+0303 U+0024
ɔ̃ɔ̃$	ɔ̃	nɔ̃ɔ̃	19	1	U+0254 U+0303 U+0254 U+0303 U+0024
ɔ̄	ɔ̄/ɔ	mɔ̄so, ŋɔ̄ŋoro	139	3	U+0254 U+0304
ɔ̄$	ɔ̄/ɔ	nuᵑgʷɔ̄, kanɔ̄	234, 518, 352, 516	6	U+0254 U+0304 U+0024
ɔ̅	ɔ̅/ɔ	nɔ̅mbu	502	1	U+0254 U+0305
ɔ͂$	ɔ͂	-roŋɔ͂	1309	1	U+0254 U+0342 U+0024
ɖ	ɖ	wo: ɖ ewo ni, t̪’oɖo moa	1504	2	U+0256
ɘ	ɘ	-mɘtmɘt, xɘriɸ	1325, 1309, 1314	6	U+0258
ə	ə	bərəbər, riəŋ ləpiəŋ	39, 57, 23, 139, 97, 65, 93, 132, 46	100	U+0259
ə$	ə	taᶢʟə, numwherə-	639, 139, 471, 477, 502, 171, 504, 571, 19, 65	100	U+0259 U+0024
ə|	ə +	nə|sən-, və|tir	460, 228	3	U+0259 U+007c
əə	əə/əː	xəəŋ, mwəətr	471, 228, 19	4	U+0259 U+0259
əə$	əə/əː	utəə, gəə	471, 1238	7	U+0259 U+0259 U+0024
əʰ	ə h	-ᵐbaŋəʰi	1401	1	U+0259 U+02b0
əː	əː	jəːgi, jəːbin gei	1389, 1387	4	U+0259 U+02d0
ə́	ə́/ə	sə́ra	363	1	U+0259 U+0301
ə̥$	ə̥/ə	ɣelə̥, ranə̥	139	8	U+0259 U+0325 U+0024
ɛ	ɛ	tɛŋɛ'tɛŋkia, ḇɛrpi	19, 56, 91, 87, 93, 99, 46, 54, 120, 39, 65, 82	100	U+025b
ɛ$	ɛ	mɛ, -tɛ	19, 120, 65, 207, 230, 46, 93, 179, 56, 54	100	U+025b U+0024
ɛ:	ɛː	mɛ:t, pwal ɛ:w	923	4	U+025b U+003a
ɛ:$	ɛː	rɛ:-	923	1	U+025b U+003a U+0024
ɛɛ	ɛː	kʷɛɛtɔ-, kʷɛɛɔ-	19, 1353	3	U+025b U+025b
ɛɛ$	ɛː	panɛɛ-, mɛɛ-	19, 342	3	U+025b U+025b U+0024
ɛʰ$	ɛʰ/ɛ	a-ialɛʰ, ambɛʰ	1237, 1319, 1396, 1411	5	U+025b U+02b0 U+0024
ɛ̃	ɛ̃	kɛ̃rɛnãwã, tɛ̃ĩ	19	6	U+025b U+0303
ɛ̃$	ɛ̃	mɛ̃, dɛ̃	19	12	U+025b U+0303 U+0024
ɛ̃ɛ̃	ɛ̃ː	bɛ̃ɛ̃rĩ	19	1	U+025b U+0303 U+025b U+0303
ɛ̃ɛ̃$	ɛ̃ː	çɛdɛ̃ɛ̃, kʌnɛ̃ɛ̃	19	3	U+025b U+0303 U+025b U+0303 U+0024
ɜ	ɜ	hɜ-ⁿdʳeː, tɜlŋɡoo-ŋɡa	1353, 1237	2	U+025c
ɞ	ɞ	pw:ɞl, ɛŋɞrɞʉ	923	7	U+025e
ɞ$	ɞ	kamɞ, sɞ:fɞ	923	4	U+025e U+0024
ɞ:	ɞː	jɞ:ʃ, ʃɞ:n awa-	923	11	U+025e U+003a
ɡ	g	taɡo-ɡu yaŋi-na, muŋɡomuŋɡo	1348, 1350, 1349, 1343, 1347, 1346	100	U+0261
ɡ$	g	azo-ɡ, ɡeɡ	1347, 1358, 1346	7	U+0261 U+0024
ɡw	gʷ	ŋɡwal	1359	1	U+0261 U+0077
ɣ	ɣ	eɣua, aɣɔ	54, 57, 139, 149, 21, 102, 87	100	U+0263
ɣ$	ɣ	ly-ɣ, təvələɣ	230, 457, 460, 376, 149, 484, 139	100	U+0263 U+0024
ɣh	ɣʰ	eɣhameɣha, tɛɣha	149, 376	5	U+0263 U+0068
ɣs	ɣ s	luɣsi, na-ɣsɛ-	1313, 1309, 1316, 1288, 1237, 1123, 460, 1006, 1293, 1318, 149, 1404, 1246	15	U+0263 U+0073
ɣs$	ɣ s	-pəɣs, nĵəɣs	139, 1169	3	U+0263 U+0073 U+0024
ɣw	ɣʷ	no-ᵐbluɣwai, uɣwata	1426, 1316, 1080, 1350	5	U+0263 U+0077
ɣw$	ɣʷ	ɣwaɣw	1350	1	U+0263 U+0077 U+0024
ɣ|	ɣ +	potaɣ|dəlin	460	1	U+0263 U+007c
ɣʷ	ɣʷ	poaɣʷe, ja’e ɣʷalaᵐben	1080, 1497, 1514, 1507, 1502, 1513, 1501, 1508, 1512, 1495, 1489	27	U+0263 U+02b7
ɦ$	ɦ	roɦ, ssɨnəsəɦ	1049	2	U+0266 U+0024
ɨ	ɨ	pwɨʃɨk:ar, ⁿdɨle	923, 363, 230, 96, 476, 65, 19, 571, 391, 555	100	U+0268
ɨ$	ɨ	mɛtɨ, šaɨ	19, 96, 400, 1049, 476, 923, 65	13	U+0268 U+0024
ɨɨ$	ɨɨ/ɨː	çɨɨ, xadɨɨ	19	2	U+0268 U+0268 U+0024
ɨ̃	ɨ̃	ŋɨ̃rɨ̃	19	1	U+0268 U+0303
ɨ̃$	ɨ̃	ŋɨ̃rɨ̃	19	1	U+0268 U+0303 U+0024
ɩ	ɩ/ɪ	tɩnɩ'ɛnɛ, mʌdɩbʌnɛ	669	10	U+0269
ɩ$	ɩ/ɪ	r̃ʌɩ, ṱɔßɛßʌɩ	669	6	U+0269 U+0024
ɪ	ɪ	kɪd̃ah, nɪ-kpʷɪtɪnɣɛ	376, 69, 123, 171, 73, 96, 120, 343, 72	100	U+026a
ɪ$	ɪ	kɪ, tinɪ	120, 696, 376, 1288, 73, 1314, 639, 1238, 1293, 69, 123, 168, 1247, 19, 1285, 1229, 1421, 1401	66	U+026a U+0024
ɪ|	ɪ +	wɪ|law	73	1	U+026a U+007c
ɪɪ	ɪː	hɪɪs	123	1	U+026a U+026a
ɬ	ɬ	lima be teɬe	168	1	U+026c
ɬ$	ɬ	i-tɬ, i-ⁿdiɬ	1318, 1244, 1288, 1237, 1238, 1254, 1314	10	U+026c U+0024
ɭ	ɭ	e loɭma	11	1	U+026d
ɰ$	ɰ	nɪ-phɔɰ	376	1	U+0270 U+0024
ɲ	ɲ	muɲima, ɣɲmɲm	1497, 1507, 1513, 1514, 1491, 1489, 1508, 1498, 1484, 476, 1503, 1485, 1512, 1501, 1502, 1492, 1500, 1504, 1511	52	U+0272
ɲ$	ɲ	puɲ, moaɲ	1500, 1495, 1499, 1497, 1498, 1491, 1506	20	U+0272 U+0024
ɳ	ɳ	liɳɛsɪɳɛs, iɳotɳort͡ʃer farsoɣa	1247, 1288, 1412, 1292, 1316, 1238, 1401	10	U+0273
ɵ	ɵ	jɵβɵtɵj, ᶢʟɵt	639, 223	22	U+0275
ɵ$	ɵ	jɵ, jwɵ	639	10	U+0275 U+0024
ɸ	ɸ	nu-ᵐʙuɸone	1217	1	U+0278
ɸ$	ɸ	-roɸ, maʧiaɸ	1319, 1309, 1318, 1285, 1286, 1314, 1412, 1293, 1247, 1251, 1288, 1254, 1313, 1401, 1292, 1325, 1411, 1316, 1398, 1321	60	U+0278 U+0024
ɺ	ɺ	no-vulaiɺleɪleɪ	1238	1	U+027a
ɾ	ɾ	amaɾeɾe, -soɾo	1247, 1246, 1286, 1314, 1318, 1309, 1244, 1313, 1398, 1237, 1238, 1251, 1325, 1254	81	U+027e
ɾ$	ɾ	-sɛɾ, -kaɾ	1309, 1286, 1318, 1246, 1314, 1398, 1247, 1288, 1412, 1325, 1313	63	U+027e U+0024
ʀ	ʀ	mó-óʀóóʀo-, keʀekeʀi-	336, 343	17	U+0280
ʀ$	ʀ	kiiʀ, kiʀ	336, 343	11	U+0280 U+0024
ʁ	ʁ	a-teʁaᵗsolᵗsol, mɛʁaxɛt͡ʃ	1254, 1246	2	U+0281
ʁ$	ʁ	tuᵐdaʁ, -teoβʷoʁ	1254	2	U+0281 U+0024
ʃ	ʃ	oʃow, næ-ʃuʃu-n	923, 1401, 1237, 1325, 156, 1396, 1246	22	U+0283
ʃ$	ʃ	jɞ:ʃ, awki:ʃ	923, 1237, 1401	10	U+0283 U+0024
ʃ:	ʃː	jæ: ʃ:ɔw, ʃaʃ:an	923	2	U+0283 U+003a
ʉ	ʉ	pwʉlʉa-, na-mʉs	923, 1229, 1396, 1325, 639, 1321, 1286, 1404, 1285, 1398, 1217, 1247, 1238, 1401, 1230, 1237, 1411, 1254, 1244	100	U+0289
ʉ$	ʉ	baleʉ, paʉ-	923, 1321, 1325, 639, 1229	33	U+0289 U+0024
ʉ:	ʉː	ma:n sʉ:sʉ	923	1	U+0289 U+003a
ʉ:$	ʉː	ʃʉ:-	923	1	U+0289 U+003a U+0024
ᶢʟ	ᶢʟ/ʟ
ʊ	ʊ	laŋavʊl i-laŋavʊl, ɣʊnʊ-n	376, 696, 1238, 1237, 171, 1254, 120, 1309, 1246, 1318, 1230, 1292, 1325, 1316, 1293, 1247, 1313, 1396, 67, 1251, 1288, 1285, 1286, 1244, 1314	100	U+028a
ʊ$	ʊ	nʊ-wʊwʊ, na-hʊ	376, 1313, 1238	11	U+028a U+0024
ʊᵐ	ʊᵐ	ho-tɛʊᵐʙ, -tʊᵐʙ	1404, 1421	3	U+028a U+1d50
ʊⁿ	ʊⁿ	mʊⁿdʳi	1401	1	U+028a U+207f
ʋ	ʋ	atuʋuaʋu	1254	2	U+028b
ʌ	ʌ	hulunɛ 'dʌmdʌm'wʌnɛ, mʌlʌwɩʌnɛ	669, 504, 65, 502, 91, 19, 359, 141	100	U+028c
ʌ$	ʌ	mʌ, tʌ	504, 65, 669, 19, 91	42	U+028c U+0024
ʌʌ	ʌː	mʌʌbʷi	19	1	U+028c U+028c
ʌ̃	ʌ̃	kʌ̃rʌ̃fɨɛ, esʌ̃mʌ	19, 504	4	U+028c U+0303
ʌ̃$	ʌ̃	kʌ̃, axʌ̃	19, 504, 502	10	U+028c U+0303 U+0024
ʎ$	ʎ	tak-oamoʎ, tak-ʔeʎ	1394	3	U+028e U+0024
ʏ	ʏ	tʏumutʏ, tʏnʏi	39, 57	14	U+028f
ʏ$	ʏ	tʏumutʏ, tʏilítʏ	39	7	U+028f U+0024
ʒ	ʒ	ne-ʒil, nɪ-ʒilax	1247, 1314, 1293, 1246	8	U+0292
ʒ$	ʒ	naviʒ, -saʒ	1247, 1254	10	U+0292 U+0024
ʔ	ʔ	dɔʔu, aʔo	24, 21, 39, 37	100	U+0294
ʔ$	ʔ	tamuʔ, pis soəʔ	207, 453, 132, 696, 182, 126, 39, 129, 46, 548, 397, 187, 535, 553, 585, 123, 141, 140, 212	100	U+0294 U+0024
ʔh	ʔʰ	neʔhe-	453	1	U+0294 U+0068
ʔh$	ʔʰ	paiʔh	56	1	U+0294 U+0068 U+0024
ʔs	ʔ s	pliʔsu, kekeʔsu-	21, 132	4	U+0294 U+0073
ʔw	ʔʷ	mutaʔwa, yaʔwala	219, 1435, 1383, 1429, 1460, 1426, 1393, 132, 1423	18	U+0294 U+0077
ʔ|	ʔ +	wuʔ|uŋ, waʔ|aŋ	71	2	U+0294 U+007c
ʕ	ʕ	paʕasau-ʔu	1015	1	U+0295
ʙ	ʙ	na-ᵐʙulᵐʙul, mᵐʙul	1247, 1398, 1217, 1378, 1254, 1411, 1377, 1251, 1396, 1421, 1246, 1229, 1321, 1380, 1401, 1382, 1404	35	U+0299
ʙ$	ʙ	luᵐʙ, na-ɣamʙ	1217, 1251, 1398, 1401, 1404, 1229, 1411, 1421	20	U+0299 U+0024
ʝ	ʝ	niᵐbo’eʝen, weʝo	1497, 1499, 1506, 1504, 1498, 1508, 1507, 1503, 1495, 1484, 1485, 1505, 1512, 1511, 1491, 1489, 1492	48	U+029d
ʤ	dʒ	ɛ suʤus	1412	1	U+02a4
ʧ	tʃ	maʧiaɸ, ʧaŋʧaŋk	1401, 1398, 1325, 1421, 1404, 1321, 1293, 1316, 1313, 1292, 1286, 1314	88	U+02a7
ʧ$	tʃ	-paʧ, -mæʧ	1398, 1421, 1401, 1321, 1404, 1325, 1244, 1313, 1309	36	U+02a7 U+0024
ˀa	ˀa	na-ˀaho	1072	1	U+02c0 U+0061
ˀe	ˀe	na-ˀehe-ku, wu-ˀenɣe	1077, 1072	3	U+02c0 U+0065
ˀi	ˀi	liβi-ˀie	1077	1	U+02c0 U+0069
ˀiˀ	ˀiˀ	ɣa-ˀiˀin	1077	1	U+02c0 U+0069 U+02c0
ˀo	ˀo	liβi-ˀol, βo-ˀol	1077	2	U+02c0 U+006f
ˀo$	ˀo	tino-ˀo	1166	1	U+02c0 U+006f U+0024
ˀu$	ˀu	sui-ˀu, palo-ˀu	1015, 1166	25	U+02c0 U+0075 U+0024
ːm	ːm	na-ːmi	1217	1	U+02d0 U+006d
˥	NULL	ca:˥-kä˥rä˥-î˥-jè˥-gö˧rö˧-ca:˥pwí˥, ca:˥-kä˥rä˥-î˥-jè˥	1479	88	U+02e5
˥$	NULL	pu:˥, î˥	1479	73	U+02e5 U+0024
˧	NULL	â˧bo˧ro˧, pi˧-mä˧i˧nä˧	1479	100	U+02e7
˧$	NULL	tê˧rê˧, â˧bo˧ro˧	1479	100	U+02e7 U+0024
˧:	NULL	bwù˧:cù˥rù˥	1479	1	U+02e7 U+003a
˩	NULL	nî:˩mî˩-rî˩, pwé˧ré˧tö:˩tù˩	1479	5	U+02e9
˩$	NULL	nî:˩mî˩-rî˩, pwé˧ré˧tö:˩tù˩	1479	7	U+02e9 U+0024
β	β	jəβəjaβə, monβusβus	639, 1007, 696, 1009, 230, 1006, 474, 67, 343	100	U+03b2
β$	β	uβ, ɣaβ	1111, 230, 1065, 1009, 696, 1032, 1128, 1134, 1145, 1153, 1172, 639, 1321, 1077, 1169, 1075, 1107, 1042, 1019, 1286, 1034, 1237, 1048, 1325, 1246, 1068, 1358, 1100, 1026, 1015, 1027, 1101, 1254, 1049, 1166, 1174, 1033, 1125	100	U+03b2 U+0024
βh	βʰ	huβhu	1138	1	U+03b2 U+0068
βs	β s	ⁿḍoβsaia, i-laβsua	1128, 1011, 1068, 1084, 1246, 1251, 1006, 1134, 1230, 1065	12	U+03b2 U+0073
βs$	β s	-mɪβs	1229	1	U+03b2 U+0073 U+0024
βʷ	βʷ	-kokoβʷak, nɛ-tuβʷotɛ tɪkɪne	1230, 1048, 1145, 1247, 1237, 1238, 1251, 1134, 1254, 1049, 1103, 1246	21	U+03b2 U+02b7
βˀ	βˀ	roβˀe	1077	1	U+03b2 U+02c0
ββ	βː	raββe-k, laβ-βæt	1111, 1172	2	U+03b2 U+03b2
θ	θ	ndaθa, neθuo-	149, 1049, 1507, 223, 564, 1513, 1502, 1500, 1174, 1514, 565	49	U+03b8
θ$	θ	e|θeθ, a|tn|amoθ	149, 1497, 1049	11	U+03b8 U+0024
χ$	χ	ɳa-saχ	1401	1	U+03c7 U+0024
ϑ	θ	saeϑau-na, kɔϑɔ	223, 566	2	U+03d1
ᴩ	ᴩ/p	laᴩan, ɳo-ᴩule	1421, 1244	3	U+1d29
ᵐb	ⁿb	hi-ᵐbɛra.p˺, nɛ-ᵐbɛtmaɸ	1396, 1238, 1314, 1217, 1401, 1398, 1244, 1316, 1293, 1292, 1254, 1247, 1007, 1237, 1077, 1288, 1229, 1009, 1172, 1033, 1230, 1128, 1048, 1246, 1056, 1144, 1285, 1034, 1083, 1321	100	U+1d50 U+0062
ᵐbʷ	ⁿbʷ	nɪ-ᵐbʷisnɛp, næ-ᵐbʷil urur	1401, 1412, 1229, 1411, 1230, 1247, 1237, 1244, 1251, 1254, 1396, 1033	18	U+1d50 U+0062 U+02b7
ᵐp	ⁿp	na-ᵐpoŋ, nu-ᵐpuka	1009, 1117, 1011	7	U+1d50 U+0070
ᵐw	ⁿw	ɣa-ᵐwosi	1019	1	U+1d50 U+0077
ᵐʙ	ⁿʙ	na-ᵐʙulᵐʙul, na-ᵐʙuʧɪn	1411, 1217, 1398, 1254, 1396, 1401, 1251, 1229	18	U+1d50 U+0299
ᵐβ	ⁿβ	na-ᵐβʊ-n	1401	1	U+1d50 U+03b2
ᵑg	ⁿg	taᵑgʷaŋi-ᵑgu, ami-ᵑgu	1080, 1007, 354, 353, 1116, 1026, 1006, 1033	100	U+1d51 U+0067
ᵑg$	ⁿg	ne-βen so-ᵑg, nuŋ so-ᵑg	1034	2	U+1d51 U+0067 U+0024
ᵑk	ⁿk	ne-ᵑkað-	1254	1	U+1d51 U+006b
ᶢʟ	ᶢ/ʟ	βi-ᶢʟɵ, kʷɔt-ᶢʟeᶢʟe	639	3	U+1da2 U+029f
ḇ	b̠/b	konoḇiḇita, nasaḇa	82, 91, 56	23	U+1e07
ḇ$	b̠/b	ageiḇ, məráḇ	23	2	U+1e07 U+0024
ḍ	ḍ/ɖ	ⁿḍoⁿḍo, bwʌḍɛ'bwʌḍɛ	1011, 67, 669	14	U+1e0d
ḍḍ	ḍḍ/ɖː	êβê ɪḍḍõ	343	1	U+1e0d U+1e0d
ḏ	d̠/d	puḏupuḏu, ḏuḏu	140	21	U+1e0f
ḡ	ḡ/g	aḡiḡimó, daḡari	67, 26, 113	19	U+1e21
ḳ	ḳ/k	aḳáp	67	1	U+1e33
ḷ	l̩/l	maḷkát, muḷí	67, 365	3	U+1e37
ḷ$	l̩/l	dawaḷwáḷ, ilowóḷ	67	9	U+1e37 U+0024
ḷw	ḷw/lʷ	dawaḷwáḷ	67	1	U+1e37 U+0077
ṁ	ṁ/m	pʷeṁo	1048	1	U+1e41
ṃ	m̩/m	naṃari, ṃuṃui	365	5	U+1e43
ṇ	n̩/ŋ	naṇiɔ, iṇe	352	3	U+1e47
ṇ̃	ñ̩/ŋ	aṇ̃u	352	1	U+1e47 U+0303
ṙ	ṙ/r	meṙiː, eṙ-n	1382, 1387, 1383	3	U+1e59
ṛ	ṛ/r	biṛo, haṛo	365, 669	6	U+1e5b
ṫ$	ṫ/t	xadṫ	19	1	U+1e6b U+0024
ṭ	ṭ/ʈ	uṭu-, maraṭi	1125	4	U+1e6d
ṭ$	ṭ/ʈ	iṭ	1125	1	U+1e6d U+0024
ạ	ạ/a	lạgi, mạnmạn ferfere	116	21	U+1ea1
ạh	ạ/a h	sạhi, mạhini	116	4	U+1ea1 U+0068
ạs	ạ/a s	sạsi	116	2	U+1ea1 U+0073
ẹ$	ẹ/e	səmpsẹ	139	1	U+1eb9 U+0024
ẽ	ẽ	t̪ẽn, poẽ ɛ	1492, 1499, 1503, 1511, 1513, 1514, 1502, 1508, 1484	12	U+1ebd
ẽ$	ẽ	pekẽ, -mʷẽ	1512, 1286, 1511, 57, 1492	5	U+1ebd U+0024
ề	ề/e	-mac ềndu	334	1	U+1ec1
ề$	ề/e	lemeŋteŋ ŋanô àclề, àc-lề	334	2	U+1ec1 U+0024
ồ	ồ/o	-lồb	334	1	U+1ed3
ồ$	ồ/o	-sồ, lồ	334	2	U+1ed3 U+0024
ụ$	ụ/u	ndɔpụ, kukumbaŋụ	571, 139	2	U+1ee5 U+0024
​͡mʷ	mʷ	n-tɒŋ​͡mʷɒnɒ-n, ŋ​͡mʷaʔ	696	6	U+200b U+0361 U+006d U+02b7
​͡pʷ	pʷ	k​͡pʷɒɣk​͡pʷɒɣ, k​͡pʷɛk​͡pʷɛɣi	696	16	U+200b U+0361 U+0070 U+02b7
‐	+	ka‐miaŋ, nama‐ŋge	1330, 353	2	U+2010
‐$	NULL	‐ur mata‐	1330	1	U+2010 U+0024
‘	ʔ	nga‘uru, Pūtāi‘u	1626	3	U+2018
’	ʔ	va’i, t̪’en	1497, 1499, 1498, 1495, 669, 1489, 344, 1491	100	U+2019
’$	ʔ	kut̪’, iali o iat̪’	1497	2	U+2019 U+0024
ⁿd	ⁿd	asɪ-ⁿdur, nɛ-ⁿdɛlaːs	1411, 1254, 1244, 1396, 1230, 1237, 1238, 1123, 1316, 1288, 1229, 1169, 1083, 1398, 1172, 1168, 1314, 1421, 1401	50	U+207f U+0064
ⁿdʳ	ⁿdʳ	nɛ-ⁿdʳe, na-ⁿdʳe	1288, 1411, 1316, 1237, 1293, 1254, 1398, 1292, 1244, 1238, 1319, 1229, 1321, 1230	25	U+207f U+0064 U+02b3
